customer_id,name,email,phone,age,salary,purchase_amount,city,purchase_date
C0001,amit kumar,,,34,800000,,,2024-01-01 00:00:00
C0002,Sneha Desai,,9876543210,25,1700000,60000,Bangalore,2024-01-01 01:00:00
C0003,Priya  Patel,priya@example.com,9876543210,33,1100000,90000,Mumbai,2024-01-01 02:00:00
C0004,Sneha Desai,MAYUR@EXAMPLE.COM,+91-8765432109,30,800000,,Bangalore,2024-01-01 03:00:00
C0005,Sneha Desai,priya@example.com,+91-8765432109,58,1900000,15000,,2024-01-01 04:00:00
C0006,RAHUL SHARMA,priya@example.com,,28,1300000,45000,Bangalore,2024-01-01 05:00:00
C0007,Priya  Patel,,+91-8765432109,45,1500000,,Pune,2024-01-01 06:00:00
C0008,Priya  Patel,,+91-8765432109,35,1200000,40000,Bangalore,2024-01-01 07:00:00
C0009,Priya  Patel,rahul@example.com,,24,500000,90000,Mumbai,2024-01-01 08:00:00
C0010,Sneha Desai,,+91-8765432109,29,1200000,35000,Pune,2024-01-01 09:00:00
C0011,amit kumar,,7654321098,22,1700000,,Delhi,2024-01-01 10:00:00
C0012,Priya  Patel,priya@example.com,9876543210,32,800000,35000,,2024-01-01 11:00:00
C0013,,,9876543210,200,1200000,15000,,2024-01-01 12:00:00
C0014,Sneha Desai,MAYUR@EXAMPLE.COM,9876543210,49,700000,35000,Bangalore,2024-01-01 13:00:00
C0015,RAHUL SHARMA,priya@example.com,9876543210,25,1300000,30000,Pune,2024-01-01 14:00:00
C0016,amit kumar,MAYUR@EXAMPLE.COM,,36,600000,,Delhi,2024-01-01 15:00:00
C0017,,rahul@example.com,9876543210,38,600000,500000,Pune,2024-01-01 16:00:00
C0018,,priya@example.com,9876543210,150,1700000,25000,,2024-01-01 17:00:00
C0019,RAHUL SHARMA,rahul@example.com,9876543210,54,1900000,90000,Pune,2024-01-01 18:00:00
C0020,amit kumar,priya@example.com,9876543210,45,1600000,60000,Delhi,2024-01-01 19:00:00
C0021,Sneha Desai,,7654321098,24,800000,25000,Bangalore,2024-01-01 20:00:00
C0022,mayurkumar surani,,9876543210,48,1200000,70000,Mumbai,2024-01-01 21:00:00
C0023,amit kumar,,7654321098,56,1300000,500000,Pune,2024-01-01 22:00:00
C0024,RAHUL SHARMA,rahul@example.com,,39,900000,90000,Mumbai,2024-01-01 23:00:00
C0025,,,+91-8765432109,40,1500000,50000,,2024-01-02 00:00:00
C0026,Sneha Desai,priya@example.com,9876543210,29,1900000,25000,Bangalore,2024-01-02 01:00:00
C0027,amit kumar,,+91-8765432109,24,1300000,75000,Bangalore,2024-01-02 02:00:00
C0028,mayurkumar surani,MAYUR@EXAMPLE.COM,+91-8765432109,55,10000000,,Pune,2024-01-02 03:00:00
C0029,mayurkumar surani,,,25,1600000,20000,Bangalore,2024-01-02 04:00:00
C0030,Priya  Patel,MAYUR@EXAMPLE.COM,+91-8765432109,45,1100000,75000,Pune,2024-01-02 05:00:00
C0031,Priya  Patel,,7654321098,23,1400000,45000,Pune,2024-01-02 06:00:00
C0032,RAHUL SHARMA,MAYUR@EXAMPLE.COM,+91-8765432109,58,1400000,10000,Mumbai,2024-01-02 07:00:00
C0033,amit kumar,rahul@example.com,+91-8765432109,58,1700000,55000,Bangalore,2024-01-02 08:00:00
C0034,amit kumar,,+91-8765432109,54,1500000,95000,Pune,2024-01-02 09:00:00
C0035,,priya@example.com,9876543210,20,1700000,85000,Mumbai,2024-01-02 10:00:00
C0036,,,9876543210,43,1200000,45000,Delhi,2024-01-02 11:00:00
C0037,,,7654321098,55,1200000,10000,Mumbai,2024-01-02 12:00:00
C0038,Priya  Patel,priya@example.com,7654321098,25,800000,65000,Mumbai,2024-01-02 13:00:00
C0039,amit kumar,priya@example.com,9876543210,,1900000,45000,Pune,2024-01-02 14:00:00
C0040,amit kumar,MAYUR@EXAMPLE.COM,7654321098,50,1500000,85000,,2024-01-02 15:00:00
C0041,mayurkumar surani,rahul@example.com,9876543210,39,1500000,95000,,2024-01-02 16:00:00
C0042,Priya  Patel,rahul@example.com,,43,500000,25000,,2024-01-02 17:00:00
C0043,Sneha Desai,,+91-8765432109,44,10000000,35000,Mumbai,2024-01-02 18:00:00
C0044,Priya  Patel,rahul@example.com,+91-8765432109,55,1900000,65000,Pune,2024-01-02 19:00:00
C0045,Sneha Desai,,7654321098,40,1000000,50000,Bangalore,2024-01-02 20:00:00
C0046,mayurkumar surani,rahul@example.com,9876543210,49,1900000,80000,Mumbai,2024-01-02 21:00:00
C0047,RAHUL SHARMA,,9876543210,43,1300000,85000,Mumbai,2024-01-02 22:00:00
C0048,amit kumar,rahul@example.com,7654321098,150,1800000,65000,Pune,2024-01-02 23:00:00
C0049,mayurkumar surani,,9876543210,49,10000000,75000,Delhi,2024-01-03 00:00:00
C0050,amit kumar,MAYUR@EXAMPLE.COM,,41,900000,70000,Mumbai,2024-01-03 01:00:00
C0051,,,+91-8765432109,47,1300000,15000,Delhi,2024-01-03 02:00:00
C0052,RAHUL SHARMA,MAYUR@EXAMPLE.COM,7654321098,26,1500000,20000,Delhi,2024-01-03 03:00:00
C0053,RAHUL SHARMA,MAYUR@EXAMPLE.COM,7654321098,54,500000,55000,,2024-01-03 04:00:00
C0054,mayurkumar surani,MAYUR@EXAMPLE.COM,9876543210,47,1000000,50000,Pune,2024-01-03 05:00:00
C0055,RAHUL SHARMA,priya@example.com,7654321098,33,600000,500000,Delhi,2024-01-03 06:00:00
C0056,Sneha Desai,priya@example.com,,29,1900000,45000,Pune,2024-01-03 07:00:00
C0057,RAHUL SHARMA,MAYUR@EXAMPLE.COM,9876543210,35,1800000,55000,,2024-01-03 08:00:00
C0058,amit kumar,,9876543210,35,900000,,Pune,2024-01-03 09:00:00
C0059,amit kumar,,9876543210,50,1000000,20000,Mumbai,2024-01-03 10:00:00
C0060,amit kumar,,9876543210,150,1000000,30000,Delhi,2024-01-03 11:00:00
C0061,amit kumar,rahul@example.com,,44,1800000,20000,Pune,2024-01-03 12:00:00
C0062,Sneha Desai,,9876543210,32,1400000,85000,Bangalore,2024-01-03 13:00:00
C0063,Priya  Patel,priya@example.com,7654321098,25,1800000,90000,Pune,2024-01-03 14:00:00
C0064,,MAYUR@EXAMPLE.COM,,28,1700000,80000,Delhi,2024-01-03 15:00:00
C0065,mayurkumar surani,rahul@example.com,+91-8765432109,55,700000,20000,,2024-01-03 16:00:00
C0066,amit kumar,,+91-8765432109,200,1000000,65000,,2024-01-03 17:00:00
C0067,RAHUL SHARMA,priya@example.com,7654321098,39,1200000,50000,Delhi,2024-01-03 18:00:00
C0068,amit kumar,priya@example.com,7654321098,37,1600000,65000,Mumbai,2024-01-03 19:00:00
C0069,RAHUL SHARMA,MAYUR@EXAMPLE.COM,,200,1700000,80000,Mumbai,2024-01-03 20:00:00
C0070,,,+91-8765432109,40,1500000,15000,,2024-01-03 21:00:00
C0071,,,+91-8765432109,23,1600000,95000,,2024-01-03 22:00:00
C0072,,priya@example.com,+91-8765432109,52,500000,500000,Delhi,2024-01-03 23:00:00
C0073,RAHUL SHARMA,MAYUR@EXAMPLE.COM,+91-8765432109,46,10000000,65000,Mumbai,2024-01-04 00:00:00
C0074,amit kumar,,+91-8765432109,26,,25000,,2024-01-04 01:00:00
C0075,,,9876543210,25,1500000,85000,Mumbai,2024-01-04 02:00:00
C0076,Sneha Desai,priya@example.com,7654321098,34,1700000,85000,,2024-01-04 03:00:00
C0077,RAHUL SHARMA,,9876543210,37,1500000,10000,Pune,2024-01-04 04:00:00
C0078,RAHUL SHARMA,,+91-8765432109,51,1600000,15000,Bangalore,2024-01-04 05:00:00
C0079,amit kumar,,,30,1000000,20000,Pune,2024-01-04 06:00:00
C0080,RAHUL SHARMA,priya@example.com,,39,1300000,500000,,2024-01-04 07:00:00
C0081,RAHUL SHARMA,priya@example.com,+91-8765432109,43,,90000,Bangalore,2024-01-04 08:00:00
C0082,,rahul@example.com,+91-8765432109,34,800000,500000,Bangalore,2024-01-04 09:00:00
C0083,amit kumar,,,26,700000,10000,,2024-01-04 10:00:00
C0084,,MAYUR@EXAMPLE.COM,9876543210,40,,500000,,2024-01-04 11:00:00
C0085,,,9876543210,150,1600000,35000,Mumbai,2024-01-04 12:00:00
C0086,amit kumar,rahul@example.com,+91-8765432109,45,1500000,80000,,2024-01-04 13:00:00
C0087,mayurkumar surani,MAYUR@EXAMPLE.COM,9876543210,33,900000,75000,Delhi,2024-01-04 14:00:00
C0088,,rahul@example.com,,56,1000000,500000,,2024-01-04 15:00:00
C0089,Sneha Desai,priya@example.com,9876543210,40,1000000,80000,Delhi,2024-01-04 16:00:00
C0090,Sneha Desai,,+91-8765432109,37,800000,75000,,2024-01-04 17:00:00
C0091,RAHUL SHARMA,MAYUR@EXAMPLE.COM,,24,1600000,30000,Mumbai,2024-01-04 18:00:00
C0092,Sneha Desai,MAYUR@EXAMPLE.COM,9876543210,22,600000,35000,Delhi,2024-01-04 19:00:00
C0093,RAHUL SHARMA,MAYUR@EXAMPLE.COM,7654321098,42,10000000,90000,Pune,2024-01-04 20:00:00
C0094,mayurkumar surani,MAYUR@EXAMPLE.COM,,45,1500000,60000,Delhi,2024-01-04 21:00:00
C0095,amit kumar,MAYUR@EXAMPLE.COM,,56,1500000,85000,Mumbai,2024-01-04 22:00:00
C0096,amit kumar,rahul@example.com,7654321098,43,,65000,Delhi,2024-01-04 23:00:00
C0097,amit kumar,,7654321098,38,600000,80000,,2024-01-05 00:00:00
C0098,Sneha Desai,priya@example.com,,44,600000,25000,,2024-01-05 01:00:00
C0099,mayurkumar surani,priya@example.com,7654321098,40,1200000,95000,Mumbai,2024-01-05 02:00:00
C0100,Sneha Desai,priya@example.com,+91-8765432109,31,1700000,20000,Bangalore,2024-01-05 03:00:00
C0101,Sneha Desai,priya@example.com,+91-8765432109,,1400000,45000,,2024-01-05 04:00:00
C0102,mayurkumar surani,rahul@example.com,+91-8765432109,52,1200000,20000,Pune,2024-01-05 05:00:00
C0103,mayurkumar surani,,,23,800000,45000,Mumbai,2024-01-05 06:00:00
C0104,mayurkumar surani,,7654321098,150,1900000,95000,Delhi,2024-01-05 07:00:00
C0105,mayurkumar surani,MAYUR@EXAMPLE.COM,7654321098,26,500000,55000,Delhi,2024-01-05 08:00:00
C0106,amit kumar,,9876543210,41,1500000,500000,Pune,2024-01-05 09:00:00
C0107,Priya  Patel,priya@example.com,9876543210,52,1100000,90000,,2024-01-05 10:00:00
C0108,Priya  Patel,,7654321098,36,10000000,45000,Mumbai,2024-01-05 11:00:00
C0109,mayurkumar surani,,7654321098,43,1600000,60000,Pune,2024-01-05 12:00:00
C0110,Priya  Patel,MAYUR@EXAMPLE.COM,7654321098,53,1300000,30000,,2024-01-05 13:00:00
C0111,Priya  Patel,MAYUR@EXAMPLE.COM,,47,900000,70000,Mumbai,2024-01-05 14:00:00
C0112,mayurkumar surani,,7654321098,200,1400000,30000,Delhi,2024-01-05 15:00:00
C0113,Priya  Patel,,9876543210,,800000,70000,Mumbai,2024-01-05 16:00:00
C0114,Sneha Desai,priya@example.com,,58,900000,35000,Bangalore,2024-01-05 17:00:00
C0115,RAHUL SHARMA,MAYUR@EXAMPLE.COM,7654321098,41,1400000,30000,Mumbai,2024-01-05 18:00:00
C0116,RAHUL SHARMA,,9876543210,36,1500000,50000,Bangalore,2024-01-05 19:00:00
C0117,mayurkumar surani,rahul@example.com,,53,1400000,85000,Mumbai,2024-01-05 20:00:00
C0118,amit kumar,rahul@example.com,7654321098,25,1200000,15000,Bangalore,2024-01-05 21:00:00
C0119,mayurkumar surani,,7654321098,25,600000,10000,Delhi,2024-01-05 22:00:00
C0120,amit kumar,priya@example.com,7654321098,53,1200000,45000,,2024-01-05 23:00:00
C0121,RAHUL SHARMA,rahul@example.com,,20,,,Bangalore,2024-01-06 00:00:00
C0122,mayurkumar surani,MAYUR@EXAMPLE.COM,9876543210,29,900000,60000,Bangalore,2024-01-06 01:00:00
C0123,,,9876543210,40,700000,65000,Delhi,2024-01-06 02:00:00
C0124,Sneha Desai,,+91-8765432109,24,1600000,65000,Bangalore,2024-01-06 03:00:00
C0125,Priya  Patel,,7654321098,21,1700000,40000,Pune,2024-01-06 04:00:00
C0126,amit kumar,,+91-8765432109,41,1700000,70000,Delhi,2024-01-06 05:00:00
C0127,,,+91-8765432109,21,1400000,45000,Pune,2024-01-06 06:00:00
C0128,Priya  Patel,,9876543210,29,800000,50000,Delhi,2024-01-06 07:00:00
C0129,Priya  Patel,,,53,1300000,40000,Bangalore,2024-01-06 08:00:00
C0130,mayurkumar surani,,,35,600000,80000,Pune,2024-01-06 09:00:00
C0131,Priya  Patel,,9876543210,58,500000,15000,Bangalore,2024-01-06 10:00:00
C0132,Sneha Desai,,,41,1100000,500000,Delhi,2024-01-06 11:00:00
C0133,,rahul@example.com,+91-8765432109,31,10000000,65000,Bangalore,2024-01-06 12:00:00
C0134,Priya  Patel,priya@example.com,7654321098,43,700000,10000,Pune,2024-01-06 13:00:00
C0135,mayurkumar surani,priya@example.com,9876543210,59,700000,45000,Pune,2024-01-06 14:00:00
C0136,Sneha Desai,priya@example.com,7654321098,57,700000,30000,Bangalore,2024-01-06 15:00:00
C0137,RAHUL SHARMA,,,29,10000000,80000,Mumbai,2024-01-06 16:00:00
C0138,,,7654321098,54,1100000,10000,Delhi,2024-01-06 17:00:00
C0139,Priya  Patel,rahul@example.com,,51,1800000,10000,Delhi,2024-01-06 18:00:00
C0140,mayurkumar surani,priya@example.com,,26,10000000,55000,Bangalore,2024-01-06 19:00:00
C0141,RAHUL SHARMA,priya@example.com,+91-8765432109,40,1700000,55000,Mumbai,2024-01-06 20:00:00
C0142,RAHUL SHARMA,,,39,800000,80000,Pune,2024-01-06 21:00:00
C0143,amit kumar,,+91-8765432109,45,500000,90000,,2024-01-06 22:00:00
C0144,Sneha Desai,priya@example.com,+91-8765432109,23,500000,35000,,2024-01-06 23:00:00
C0145,Priya  Patel,rahul@example.com,+91-8765432109,41,1700000,20000,Bangalore,2024-01-07 00:00:00
C0146,mayurkumar surani,rahul@example.com,9876543210,34,1400000,70000,Mumbai,2024-01-07 01:00:00
C0147,amit kumar,priya@example.com,9876543210,59,1500000,85000,Mumbai,2024-01-07 02:00:00
C0148,Sneha Desai,,,40,1300000,45000,Delhi,2024-01-07 03:00:00
C0149,amit kumar,rahul@example.com,+91-8765432109,34,1300000,80000,Pune,2024-01-07 04:00:00
C0150,,,9876543210,41,900000,90000,Mumbai,2024-01-07 05:00:00
C0151,Sneha Desai,rahul@example.com,+91-8765432109,47,500000,90000,,2024-01-07 06:00:00
C0152,Sneha Desai,MAYUR@EXAMPLE.COM,7654321098,33,10000000,70000,Pune,2024-01-07 07:00:00
C0153,Priya  Patel,MAYUR@EXAMPLE.COM,7654321098,46,600000,90000,Pune,2024-01-07 08:00:00
C0154,Sneha Desai,,7654321098,,1700000,35000,Bangalore,2024-01-07 09:00:00
C0155,amit kumar,priya@example.com,,59,1300000,90000,Mumbai,2024-01-07 10:00:00
C0156,Sneha Desai,,+91-8765432109,47,800000,85000,Bangalore,2024-01-07 11:00:00
C0157,Priya  Patel,,7654321098,45,900000,75000,Mumbai,2024-01-07 12:00:00
C0158,Priya  Patel,,9876543210,21,1500000,70000,Delhi,2024-01-07 13:00:00
C0159,,,7654321098,44,700000,35000,Bangalore,2024-01-07 14:00:00
C0160,amit kumar,,7654321098,22,1600000,20000,Bangalore,2024-01-07 15:00:00
C0161,RAHUL SHARMA,,7654321098,27,1700000,75000,,2024-01-07 16:00:00
C0162,RAHUL SHARMA,rahul@example.com,,52,1100000,75000,Bangalore,2024-01-07 17:00:00
C0163,Sneha Desai,MAYUR@EXAMPLE.COM,9876543210,150,1900000,80000,Mumbai,2024-01-07 18:00:00
C0164,,,+91-8765432109,54,1100000,45000,,2024-01-07 19:00:00
C0165,mayurkumar surani,rahul@example.com,9876543210,25,1200000,80000,Bangalore,2024-01-07 20:00:00
C0166,Sneha Desai,MAYUR@EXAMPLE.COM,+91-8765432109,58,900000,70000,Bangalore,2024-01-07 21:00:00
C0167,,priya@example.com,,42,1800000,90000,Delhi,2024-01-07 22:00:00
C0168,amit kumar,,,44,800000,20000,Bangalore,2024-01-07 23:00:00
C0169,amit kumar,MAYUR@EXAMPLE.COM,,200,1400000,35000,Pune,2024-01-08 00:00:00
C0170,amit kumar,priya@example.com,,38,1900000,30000,,2024-01-08 01:00:00
C0171,amit kumar,MAYUR@EXAMPLE.COM,+91-8765432109,24,1700000,90000,Pune,2024-01-08 02:00:00
C0172,amit kumar,,7654321098,30,1200000,15000,,2024-01-08 03:00:00
C0173,,,+91-8765432109,31,1300000,80000,Delhi,2024-01-08 04:00:00
C0174,,rahul@example.com,9876543210,29,,30000,Bangalore,2024-01-08 05:00:00
C0175,Priya  Patel,,,27,,500000,Bangalore,2024-01-08 06:00:00
C0176,RAHUL SHARMA,MAYUR@EXAMPLE.COM,,43,1100000,35000,Bangalore,2024-01-08 07:00:00
C0177,amit kumar,MAYUR@EXAMPLE.COM,9876543210,47,1800000,35000,,2024-01-08 08:00:00
C0178,mayurkumar surani,priya@example.com,+91-8765432109,,1800000,95000,Bangalore,2024-01-08 09:00:00
C0179,,,7654321098,55,800000,95000,Pune,2024-01-08 10:00:00
C0180,mayurkumar surani,MAYUR@EXAMPLE.COM,7654321098,56,1900000,25000,Bangalore,2024-01-08 11:00:00
C0181,mayurkumar surani,,9876543210,40,700000,90000,Delhi,2024-01-08 12:00:00
C0182,mayurkumar surani,MAYUR@EXAMPLE.COM,7654321098,27,900000,75000,Pune,2024-01-08 13:00:00
C0183,Priya  Patel,rahul@example.com,+91-8765432109,28,500000,75000,Bangalore,2024-01-08 14:00:00
C0184,,,+91-8765432109,34,700000,70000,Bangalore,2024-01-08 15:00:00
C0185,mayurkumar surani,MAYUR@EXAMPLE.COM,9876543210,59,1900000,40000,Mumbai,2024-01-08 16:00:00
C0186,amit kumar,,+91-8765432109,37,1200000,65000,,2024-01-08 17:00:00
C0187,Sneha Desai,rahul@example.com,,150,800000,80000,Pune,2024-01-08 18:00:00
C0188,mayurkumar surani,MAYUR@EXAMPLE.COM,9876543210,39,600000,,Mumbai,2024-01-08 19:00:00
C0189,Priya  Patel,priya@example.com,+91-8765432109,25,1400000,60000,Delhi,2024-01-08 20:00:00
C0190,,,9876543210,31,800000,80000,,2024-01-08 21:00:00
C0191,Priya  Patel,MAYUR@EXAMPLE.COM,7654321098,21,700000,65000,Pune,2024-01-08 22:00:00
C0192,mayurkumar surani,rahul@example.com,+91-8765432109,26,600000,20000,Bangalore,2024-01-08 23:00:00
C0193,,priya@example.com,,35,10000000,90000,Pune,2024-01-09 00:00:00
C0194,Sneha Desai,rahul@example.com,+91-8765432109,22,1700000,20000,Bangalore,2024-01-09 01:00:00
C0195,mayurkumar surani,rahul@example.com,9876543210,22,900000,,,2024-01-09 02:00:00
C0196,Priya  Patel,priya@example.com,9876543210,46,1300000,500000,Bangalore,2024-01-09 03:00:00
C0197,RAHUL SHARMA,rahul@example.com,+91-8765432109,200,1000000,25000,Delhi,2024-01-09 04:00:00
C0198,amit kumar,priya@example.com,,59,900000,20000,Bangalore,2024-01-09 05:00:00
C0199,Priya  Patel,MAYUR@EXAMPLE.COM,,57,1400000,85000,Delhi,2024-01-09 06:00:00
C0200,,priya@example.com,,52,1200000,65000,,2024-01-09 07:00:00
C0201,mayurkumar surani,priya@example.com,9876543210,47,1100000,45000,,2024-01-09 08:00:00
C0202,amit kumar,,+91-8765432109,20,1100000,90000,Pune,2024-01-09 09:00:00
C0203,mayurkumar surani,priya@example.com,7654321098,27,1000000,40000,Delhi,2024-01-09 10:00:00
C0204,,priya@example.com,9876543210,56,700000,60000,Delhi,2024-01-09 11:00:00
C0205,mayurkumar surani,MAYUR@EXAMPLE.COM,,51,1900000,95000,Mumbai,2024-01-09 12:00:00
C0206,RAHUL SHARMA,,+91-8765432109,200,800000,10000,Mumbai,2024-01-09 13:00:00
C0207,amit kumar,,,56,1600000,20000,Mumbai,2024-01-09 14:00:00
C0208,amit kumar,MAYUR@EXAMPLE.COM,7654321098,23,1000000,25000,Bangalore,2024-01-09 15:00:00
C0209,,MAYUR@EXAMPLE.COM,,49,800000,70000,Mumbai,2024-01-09 16:00:00
C0210,RAHUL SHARMA,,,25,1900000,35000,Delhi,2024-01-09 17:00:00
C0211,Priya  Patel,priya@example.com,7654321098,38,1300000,75000,Bangalore,2024-01-09 18:00:00
C0212,mayurkumar surani,rahul@example.com,+91-8765432109,51,900000,30000,,2024-01-09 19:00:00
C0213,Sneha Desai,,9876543210,28,1700000,85000,Pune,2024-01-09 20:00:00
C0214,mayurkumar surani,rahul@example.com,+91-8765432109,31,900000,80000,Mumbai,2024-01-09 21:00:00
C0215,mayurkumar surani,,7654321098,30,,80000,,2024-01-09 22:00:00
C0216,Priya  Patel,MAYUR@EXAMPLE.COM,,35,1800000,25000,Delhi,2024-01-09 23:00:00
C0217,mayurkumar surani,MAYUR@EXAMPLE.COM,+91-8765432109,20,,45000,Pune,2024-01-10 00:00:00
C0218,RAHUL SHARMA,,9876543210,40,1900000,85000,,2024-01-10 01:00:00
C0219,RAHUL SHARMA,MAYUR@EXAMPLE.COM,7654321098,49,800000,85000,Pune,2024-01-10 02:00:00
C0220,amit kumar,MAYUR@EXAMPLE.COM,+91-8765432109,32,1100000,25000,Mumbai,2024-01-10 03:00:00
C0221,,,9876543210,53,,70000,Delhi,2024-01-10 04:00:00
C0222,Sneha Desai,,7654321098,23,1200000,70000,Pune,2024-01-10 05:00:00
C0223,mayurkumar surani,,9876543210,47,10000000,15000,,2024-01-10 06:00:00
C0224,mayurkumar surani,MAYUR@EXAMPLE.COM,7654321098,57,,20000,Mumbai,2024-01-10 07:00:00
C0225,Priya  Patel,MAYUR@EXAMPLE.COM,,50,1400000,45000,Mumbai,2024-01-10 08:00:00
C0226,,,+91-8765432109,46,1400000,80000,,2024-01-10 09:00:00
C0227,RAHUL SHARMA,priya@example.com,9876543210,24,600000,60000,,2024-01-10 10:00:00
C0228,Sneha Desai,priya@example.com,7654321098,44,1300000,50000,Pune,2024-01-10 11:00:00
C0229,amit kumar,priya@example.com,9876543210,22,10000000,40000,Bangalore,2024-01-10 12:00:00
C0230,RAHUL SHARMA,,9876543210,52,1500000,70000,Mumbai,2024-01-10 13:00:00
C0231,,MAYUR@EXAMPLE.COM,+91-8765432109,23,1400000,15000,Pune,2024-01-10 14:00:00
C0232,amit kumar,,,44,10000000,45000,,2024-01-10 15:00:00
C0233,Priya  Patel,,9876543210,39,800000,40000,Pune,2024-01-10 16:00:00
C0234,Priya  Patel,priya@example.com,7654321098,53,,65000,,2024-01-10 17:00:00
C0235,mayurkumar surani,rahul@example.com,7654321098,45,1900000,,Delhi,2024-01-10 18:00:00
C0236,,MAYUR@EXAMPLE.COM,,24,900000,40000,,2024-01-10 19:00:00
C0237,Sneha Desai,priya@example.com,7654321098,54,1000000,55000,,2024-01-10 20:00:00
C0238,amit kumar,rahul@example.com,,47,10000000,85000,,2024-01-10 21:00:00
C0239,RAHUL SHARMA,rahul@example.com,7654321098,48,500000,20000,Bangalore,2024-01-10 22:00:00
C0240,,,+91-8765432109,28,800000,55000,,2024-01-10 23:00:00
C0241,,MAYUR@EXAMPLE.COM,9876543210,57,10000000,35000,Mumbai,2024-01-11 00:00:00
C0242,Priya  Patel,rahul@example.com,+91-8765432109,25,1300000,95000,Mumbai,2024-01-11 01:00:00
C0243,mayurkumar surani,priya@example.com,9876543210,38,600000,95000,Pune,2024-01-11 02:00:00
C0244,mayurkumar surani,,9876543210,30,1200000,30000,Bangalore,2024-01-11 03:00:00
C0245,amit kumar,MAYUR@EXAMPLE.COM,9876543210,21,1900000,40000,Pune,2024-01-11 04:00:00
C0246,Priya  Patel,,+91-8765432109,28,1100000,15000,Mumbai,2024-01-11 05:00:00
C0247,,priya@example.com,9876543210,40,1000000,60000,Mumbai,2024-01-11 06:00:00
C0248,Sneha Desai,rahul@example.com,+91-8765432109,43,500000,70000,Delhi,2024-01-11 07:00:00
C0249,Priya  Patel,rahul@example.com,,53,1900000,30000,,2024-01-11 08:00:00
C0250,amit kumar,priya@example.com,7654321098,41,1100000,35000,Mumbai,2024-01-11 09:00:00
C0251,amit kumar,rahul@example.com,7654321098,22,10000000,75000,Pune,2024-01-11 10:00:00
C0252,Priya  Patel,,9876543210,31,600000,65000,Pune,2024-01-11 11:00:00
C0253,amit kumar,MAYUR@EXAMPLE.COM,+91-8765432109,47,1300000,25000,,2024-01-11 12:00:00
C0254,Priya  Patel,,7654321098,49,1300000,35000,,2024-01-11 13:00:00
C0255,RAHUL SHARMA,rahul@example.com,+91-8765432109,45,1700000,55000,Delhi,2024-01-11 14:00:00
C0256,Priya  Patel,,+91-8765432109,40,1000000,95000,Bangalore,2024-01-11 15:00:00
C0257,Priya  Patel,MAYUR@EXAMPLE.COM,9876543210,47,1000000,80000,Pune,2024-01-11 16:00:00
C0258,amit kumar,MAYUR@EXAMPLE.COM,7654321098,45,700000,45000,,2024-01-11 17:00:00
C0259,amit kumar,priya@example.com,9876543210,52,10000000,50000,Pune,2024-01-11 18:00:00
C0260,mayurkumar surani,priya@example.com,9876543210,40,10000000,30000,,2024-01-11 19:00:00
C0261,mayurkumar surani,,7654321098,54,1600000,55000,Mumbai,2024-01-11 20:00:00
C0262,RAHUL SHARMA,MAYUR@EXAMPLE.COM,7654321098,53,,500000,Pune,2024-01-11 21:00:00
C0263,mayurkumar surani,,,,1900000,35000,Mumbai,2024-01-11 22:00:00
C0264,Priya  Patel,priya@example.com,,37,1700000,85000,Pune,2024-01-11 23:00:00
C0265,amit kumar,priya@example.com,+91-8765432109,30,500000,20000,Bangalore,2024-01-12 00:00:00
C0266,mayurkumar surani,MAYUR@EXAMPLE.COM,7654321098,42,10000000,55000,Delhi,2024-01-12 01:00:00
C0267,mayurkumar surani,,,41,700000,60000,Mumbai,2024-01-12 02:00:00
C0268,RAHUL SHARMA,rahul@example.com,+91-8765432109,36,1900000,60000,,2024-01-12 03:00:00
C0269,,priya@example.com,+91-8765432109,24,800000,90000,Bangalore,2024-01-12 04:00:00
C0270,RAHUL SHARMA,priya@example.com,+91-8765432109,30,800000,25000,Pune,2024-01-12 05:00:00
C0271,Priya  Patel,,,49,10000000,25000,Mumbai,2024-01-12 06:00:00
C0272,amit kumar,,7654321098,34,1500000,90000,Pune,2024-01-12 07:00:00
C0273,RAHUL SHARMA,,9876543210,46,700000,50000,Pune,2024-01-12 08:00:00
C0274,mayurkumar surani,,+91-8765432109,54,1200000,,Pune,2024-01-12 09:00:00
C0275,amit kumar,rahul@example.com,,52,1800000,30000,Delhi,2024-01-12 10:00:00
C0276,amit kumar,rahul@example.com,,39,500000,35000,Delhi,2024-01-12 11:00:00
C0277,mayurkumar surani,MAYUR@EXAMPLE.COM,9876543210,35,1800000,20000,,2024-01-12 12:00:00
C0278,RAHUL SHARMA,,9876543210,53,600000,10000,Mumbai,2024-01-12 13:00:00
C0279,mayurkumar surani,priya@example.com,,21,800000,500000,Bangalore,2024-01-12 14:00:00
C0280,,,7654321098,54,1000000,85000,Bangalore,2024-01-12 15:00:00
C0281,amit kumar,priya@example.com,9876543210,59,500000,60000,Bangalore,2024-01-12 16:00:00
C0282,Sneha Desai,,,47,10000000,70000,Pune,2024-01-12 17:00:00
C0283,Sneha Desai,,9876543210,58,1200000,55000,Delhi,2024-01-12 18:00:00
C0284,Priya  Patel,,7654321098,25,500000,20000,Mumbai,2024-01-12 19:00:00
C0285,mayurkumar surani,rahul@example.com,+91-8765432109,28,900000,50000,Pune,2024-01-12 20:00:00
C0286,mayurkumar surani,rahul@example.com,9876543210,39,,65000,Delhi,2024-01-12 21:00:00
C0287,Priya  Patel,MAYUR@EXAMPLE.COM,7654321098,20,1000000,75000,Delhi,2024-01-12 22:00:00
C0288,Priya  Patel,,,27,1200000,10000,Mumbai,2024-01-12 23:00:00
C0289,Priya  Patel,,9876543210,42,1700000,95000,Mumbai,2024-01-13 00:00:00
C0290,amit kumar,priya@example.com,9876543210,22,,90000,Mumbai,2024-01-13 01:00:00
C0291,,rahul@example.com,,23,700000,50000,Pune,2024-01-13 02:00:00
C0292,mayurkumar surani,rahul@example.com,+91-8765432109,44,1600000,50000,,2024-01-13 03:00:00
C0293,amit kumar,priya@example.com,,57,,55000,Mumbai,2024-01-13 04:00:00
C0294,Priya  Patel,,9876543210,34,1500000,,,2024-01-13 05:00:00
C0295,mayurkumar surani,,,40,1400000,80000,Pune,2024-01-13 06:00:00
C0296,amit kumar,,7654321098,54,800000,30000,,2024-01-13 07:00:00
C0297,,,,33,1600000,80000,Bangalore,2024-01-13 08:00:00
C0298,amit kumar,MAYUR@EXAMPLE.COM,9876543210,55,600000,500000,,2024-01-13 09:00:00
C0299,,rahul@example.com,,31,900000,15000,Mumbai,2024-01-13 10:00:00
C0300,Priya  Patel,,+91-8765432109,36,1200000,70000,Pune,2024-01-13 11:00:00
C0301,,,,58,1100000,85000,Mumbai,2024-01-13 12:00:00
C0302,mayurkumar surani,priya@example.com,+91-8765432109,28,1800000,80000,Bangalore,2024-01-13 13:00:00
C0303,Priya  Patel,,7654321098,54,700000,55000,Mumbai,2024-01-13 14:00:00
C0304,mayurkumar surani,rahul@example.com,+91-8765432109,32,,75000,Mumbai,2024-01-13 15:00:00
C0305,Sneha Desai,,,34,,55000,Mumbai,2024-01-13 16:00:00
C0306,RAHUL SHARMA,MAYUR@EXAMPLE.COM,9876543210,37,1200000,75000,Delhi,2024-01-13 17:00:00
C0307,,rahul@example.com,+91-8765432109,52,500000,50000,Bangalore,2024-01-13 18:00:00
C0308,RAHUL SHARMA,priya@example.com,7654321098,25,10000000,75000,Mumbai,2024-01-13 19:00:00
C0309,RAHUL SHARMA,MAYUR@EXAMPLE.COM,+91-8765432109,46,1600000,20000,Mumbai,2024-01-13 20:00:00
C0310,,rahul@example.com,+91-8765432109,42,1500000,500000,Mumbai,2024-01-13 21:00:00
C0311,Priya  Patel,priya@example.com,+91-8765432109,46,900000,85000,Pune,2024-01-13 22:00:00
C0312,Sneha Desai,MAYUR@EXAMPLE.COM,7654321098,53,1600000,15000,Delhi,2024-01-13 23:00:00
C0313,mayurkumar surani,MAYUR@EXAMPLE.COM,,57,10000000,55000,Pune,2024-01-14 00:00:00
C0314,amit kumar,rahul@example.com,+91-8765432109,33,1000000,20000,Delhi,2024-01-14 01:00:00
C0315,mayurkumar surani,,+91-8765432109,55,500000,60000,Mumbai,2024-01-14 02:00:00
C0316,amit kumar,MAYUR@EXAMPLE.COM,9876543210,27,900000,60000,Bangalore,2024-01-14 03:00:00
C0317,mayurkumar surani,MAYUR@EXAMPLE.COM,7654321098,54,1800000,70000,,2024-01-14 04:00:00
C0318,,priya@example.com,+91-8765432109,38,900000,40000,,2024-01-14 05:00:00
C0319,Sneha Desai,,7654321098,49,500000,90000,Mumbai,2024-01-14 06:00:00
C0320,amit kumar,rahul@example.com,+91-8765432109,33,,15000,Pune,2024-01-14 07:00:00
C0321,Priya  Patel,rahul@example.com,,39,1300000,65000,Bangalore,2024-01-14 08:00:00
C0322,mayurkumar surani,,,44,900000,55000,Delhi,2024-01-14 09:00:00
C0323,mayurkumar surani,,+91-8765432109,59,600000,95000,Mumbai,2024-01-14 10:00:00
C0324,amit kumar,rahul@example.com,,43,1900000,60000,Bangalore,2024-01-14 11:00:00
C0325,Priya  Patel,,+91-8765432109,33,1100000,85000,Bangalore,2024-01-14 12:00:00
C0326,Priya  Patel,priya@example.com,,45,800000,90000,Delhi,2024-01-14 13:00:00
C0327,,rahul@example.com,9876543210,57,500000,,Bangalore,2024-01-14 14:00:00
C0328,,,9876543210,42,1700000,95000,Pune,2024-01-14 15:00:00
C0329,,rahul@example.com,9876543210,41,1100000,20000,Pune,2024-01-14 16:00:00
C0330,,,7654321098,38,1900000,85000,Pune,2024-01-14 17:00:00
C0331,,MAYUR@EXAMPLE.COM,7654321098,22,1800000,35000,Bangalore,2024-01-14 18:00:00
C0332,,rahul@example.com,9876543210,150,1400000,65000,Pune,2024-01-14 19:00:00
C0333,Sneha Desai,MAYUR@EXAMPLE.COM,7654321098,38,1300000,60000,Delhi,2024-01-14 20:00:00
C0334,Priya  Patel,,,28,1200000,80000,Bangalore,2024-01-14 21:00:00
C0335,,MAYUR@EXAMPLE.COM,+91-8765432109,47,1400000,80000,,2024-01-14 22:00:00
C0336,Priya  Patel,rahul@example.com,+91-8765432109,39,10000000,85000,Bangalore,2024-01-14 23:00:00
C0337,Priya  Patel,,+91-8765432109,26,600000,55000,Delhi,2024-01-15 00:00:00
C0338,RAHUL SHARMA,,9876543210,33,1000000,65000,,2024-01-15 01:00:00
C0339,Sneha Desai,rahul@example.com,7654321098,28,900000,70000,Bangalore,2024-01-15 02:00:00
C0340,,,,38,1300000,25000,Pune,2024-01-15 03:00:00
C0341,mayurkumar surani,priya@example.com,,33,900000,40000,Mumbai,2024-01-15 04:00:00
C0342,amit kumar,MAYUR@EXAMPLE.COM,9876543210,57,1300000,15000,Mumbai,2024-01-15 05:00:00
C0343,mayurkumar surani,priya@example.com,,55,10000000,80000,Pune,2024-01-15 06:00:00
C0344,Sneha Desai,rahul@example.com,,59,10000000,45000,Mumbai,2024-01-15 07:00:00
C0345,amit kumar,,,36,1600000,40000,Mumbai,2024-01-15 08:00:00
C0346,Sneha Desai,,,49,1100000,80000,Pune,2024-01-15 09:00:00
C0347,Priya  Patel,MAYUR@EXAMPLE.COM,7654321098,28,700000,75000,Pune,2024-01-15 10:00:00
C0348,amit kumar,,,52,1400000,45000,Bangalore,2024-01-15 11:00:00
C0349,Priya  Patel,rahul@example.com,+91-8765432109,44,600000,65000,Bangalore,2024-01-15 12:00:00
C0350,mayurkumar surani,,9876543210,33,700000,70000,Pune,2024-01-15 13:00:00
C0351,mayurkumar surani,MAYUR@EXAMPLE.COM,7654321098,30,,60000,Delhi,2024-01-15 14:00:00
C0352,amit kumar,rahul@example.com,,54,600000,90000,Mumbai,2024-01-15 15:00:00
C0353,amit kumar,,7654321098,,1400000,90000,Bangalore,2024-01-15 16:00:00
C0354,,,,33,1000000,25000,Mumbai,2024-01-15 17:00:00
C0355,Sneha Desai,rahul@example.com,+91-8765432109,49,1500000,45000,,2024-01-15 18:00:00
C0356,,rahul@example.com,9876543210,,1100000,30000,Pune,2024-01-15 19:00:00
C0357,Sneha Desai,,,23,1900000,85000,Delhi,2024-01-15 20:00:00
C0358,,priya@example.com,,23,1000000,25000,,2024-01-15 21:00:00
C0359,Priya  Patel,MAYUR@EXAMPLE.COM,,47,1300000,80000,,2024-01-15 22:00:00
C0360,amit kumar,priya@example.com,,27,1600000,65000,,2024-01-15 23:00:00
C0361,mayurkumar surani,,9876543210,21,700000,30000,Pune,2024-01-16 00:00:00
C0362,Sneha Desai,,9876543210,,1900000,85000,Bangalore,2024-01-16 01:00:00
C0363,Sneha Desai,priya@example.com,+91-8765432109,41,600000,75000,Pune,2024-01-16 02:00:00
C0364,mayurkumar surani,rahul@example.com,9876543210,,600000,55000,Bangalore,2024-01-16 03:00:00
C0365,,,,35,700000,40000,,2024-01-16 04:00:00
C0366,Sneha Desai,,+91-8765432109,48,1000000,70000,,2024-01-16 05:00:00
C0367,Priya  Patel,priya@example.com,+91-8765432109,49,1900000,500000,Delhi,2024-01-16 06:00:00
C0368,amit kumar,priya@example.com,+91-8765432109,31,1400000,30000,Bangalore,2024-01-16 07:00:00
C0369,mayurkumar surani,,,54,1300000,20000,,2024-01-16 08:00:00
C0370,amit kumar,MAYUR@EXAMPLE.COM,7654321098,30,500000,80000,Mumbai,2024-01-16 09:00:00
C0371,Sneha Desai,priya@example.com,,40,,25000,Delhi,2024-01-16 10:00:00
C0372,Sneha Desai,priya@example.com,9876543210,40,1000000,80000,Pune,2024-01-16 11:00:00
C0373,mayurkumar surani,rahul@example.com,9876543210,24,1300000,75000,Delhi,2024-01-16 12:00:00
C0374,Priya  Patel,,,39,800000,500000,Mumbai,2024-01-16 13:00:00
C0375,RAHUL SHARMA,MAYUR@EXAMPLE.COM,,56,600000,,Bangalore,2024-01-16 14:00:00
C0376,mayurkumar surani,rahul@example.com,+91-8765432109,22,800000,70000,Pune,2024-01-16 15:00:00
C0377,RAHUL SHARMA,,,52,500000,55000,Pune,2024-01-16 16:00:00
C0378,,,+91-8765432109,28,1400000,30000,Bangalore,2024-01-16 17:00:00
C0379,RAHUL SHARMA,priya@example.com,9876543210,28,1900000,500000,Delhi,2024-01-16 18:00:00
C0380,Priya  Patel,priya@example.com,+91-8765432109,23,,500000,,2024-01-16 19:00:00
C0381,,,,54,800000,35000,Delhi,2024-01-16 20:00:00
C0382,RAHUL SHARMA,priya@example.com,9876543210,36,600000,25000,Mumbai,2024-01-16 21:00:00
C0383,,MAYUR@EXAMPLE.COM,7654321098,53,1700000,15000,,2024-01-16 22:00:00
C0384,RAHUL SHARMA,priya@example.com,+91-8765432109,43,500000,85000,Delhi,2024-01-16 23:00:00
C0385,Priya  Patel,,9876543210,51,10000000,95000,Bangalore,2024-01-17 00:00:00
C0386,RAHUL SHARMA,priya@example.com,+91-8765432109,20,1700000,30000,Mumbai,2024-01-17 01:00:00
C0387,RAHUL SHARMA,rahul@example.com,9876543210,27,800000,25000,Mumbai,2024-01-17 02:00:00
C0388,RAHUL SHARMA,MAYUR@EXAMPLE.COM,9876543210,42,1100000,70000,Mumbai,2024-01-17 03:00:00
C0389,mayurkumar surani,rahul@example.com,+91-8765432109,59,10000000,,,2024-01-17 04:00:00
C0390,mayurkumar surani,rahul@example.com,7654321098,31,1300000,15000,Pune,2024-01-17 05:00:00
C0391,mayurkumar surani,,9876543210,31,800000,70000,,2024-01-17 06:00:00
C0392,Priya  Patel,MAYUR@EXAMPLE.COM,9876543210,34,500000,60000,Delhi,2024-01-17 07:00:00
C0393,,MAYUR@EXAMPLE.COM,9876543210,,1400000,25000,Pune,2024-01-17 08:00:00
C0394,Sneha Desai,MAYUR@EXAMPLE.COM,7654321098,38,800000,500000,Delhi,2024-01-17 09:00:00
C0395,RAHUL SHARMA,MAYUR@EXAMPLE.COM,7654321098,45,1300000,500000,Pune,2024-01-17 10:00:00
C0396,RAHUL SHARMA,MAYUR@EXAMPLE.COM,,48,1700000,80000,,2024-01-17 11:00:00
C0397,Priya  Patel,,+91-8765432109,41,1800000,25000,Mumbai,2024-01-17 12:00:00
C0398,RAHUL SHARMA,priya@example.com,7654321098,59,1400000,50000,Bangalore,2024-01-17 13:00:00
C0399,mayurkumar surani,rahul@example.com,+91-8765432109,40,1000000,40000,Mumbai,2024-01-17 14:00:00
C0400,Sneha Desai,MAYUR@EXAMPLE.COM,,57,,,,2024-01-17 15:00:00
C0401,amit kumar,priya@example.com,+91-8765432109,39,1000000,,Pune,2024-01-17 16:00:00
C0402,RAHUL SHARMA,priya@example.com,7654321098,48,10000000,35000,Mumbai,2024-01-17 17:00:00
C0403,mayurkumar surani,rahul@example.com,+91-8765432109,23,1400000,35000,,2024-01-17 18:00:00
C0404,amit kumar,,7654321098,26,700000,500000,Delhi,2024-01-17 19:00:00
C0405,Sneha Desai,,+91-8765432109,47,1900000,80000,Bangalore,2024-01-17 20:00:00
C0406,amit kumar,,7654321098,47,1900000,80000,Mumbai,2024-01-17 21:00:00
C0407,mayurkumar surani,priya@example.com,7654321098,23,800000,500000,Pune,2024-01-17 22:00:00
C0408,,rahul@example.com,+91-8765432109,41,1300000,50000,Delhi,2024-01-17 23:00:00
C0409,,,,31,10000000,25000,,2024-01-18 00:00:00
C0410,amit kumar,priya@example.com,9876543210,22,1500000,95000,Bangalore,2024-01-18 01:00:00
C0411,Priya  Patel,,,41,1300000,95000,Pune,2024-01-18 02:00:00
C0412,amit kumar,,+91-8765432109,21,1400000,30000,,2024-01-18 03:00:00
C0413,RAHUL SHARMA,priya@example.com,,43,1700000,500000,,2024-01-18 04:00:00
C0414,RAHUL SHARMA,priya@example.com,7654321098,53,1200000,60000,Mumbai,2024-01-18 05:00:00
C0415,,MAYUR@EXAMPLE.COM,9876543210,46,1100000,30000,Mumbai,2024-01-18 06:00:00
C0416,Priya  Patel,,+91-8765432109,,10000000,25000,Pune,2024-01-18 07:00:00
C0417,mayurkumar surani,MAYUR@EXAMPLE.COM,+91-8765432109,20,1900000,65000,,2024-01-18 08:00:00
C0418,RAHUL SHARMA,rahul@example.com,+91-8765432109,27,1900000,15000,Mumbai,2024-01-18 09:00:00
C0419,,MAYUR@EXAMPLE.COM,9876543210,42,500000,70000,Bangalore,2024-01-18 10:00:00
C0420,Sneha Desai,MAYUR@EXAMPLE.COM,7654321098,57,1800000,55000,Bangalore,2024-01-18 11:00:00
C0421,,,+91-8765432109,25,900000,50000,,2024-01-18 12:00:00
C0422,RAHUL SHARMA,priya@example.com,,41,1500000,55000,Mumbai,2024-01-18 13:00:00
C0423,RAHUL SHARMA,,+91-8765432109,44,,40000,Pune,2024-01-18 14:00:00
C0424,,MAYUR@EXAMPLE.COM,+91-8765432109,37,600000,25000,Pune,2024-01-18 15:00:00
C0425,mayurkumar surani,,+91-8765432109,36,1200000,,Pune,2024-01-18 16:00:00
C0426,amit kumar,MAYUR@EXAMPLE.COM,+91-8765432109,31,1500000,55000,Bangalore,2024-01-18 17:00:00
C0427,RAHUL SHARMA,rahul@example.com,7654321098,25,700000,20000,Mumbai,2024-01-18 18:00:00
C0428,,MAYUR@EXAMPLE.COM,,45,500000,,Mumbai,2024-01-18 19:00:00
C0429,,,7654321098,46,1500000,15000,Bangalore,2024-01-18 20:00:00
C0430,Priya  Patel,priya@example.com,,27,,500000,Pune,2024-01-18 21:00:00
C0431,amit kumar,rahul@example.com,+91-8765432109,38,,55000,Pune,2024-01-18 22:00:00
C0432,Sneha Desai,MAYUR@EXAMPLE.COM,9876543210,150,1400000,15000,,2024-01-18 23:00:00
C0433,mayurkumar surani,,7654321098,20,1000000,15000,Delhi,2024-01-19 00:00:00
C0434,Sneha Desai,rahul@example.com,9876543210,48,800000,90000,Mumbai,2024-01-19 01:00:00
C0435,amit kumar,rahul@example.com,7654321098,54,1700000,85000,Mumbai,2024-01-19 02:00:00
C0436,amit kumar,MAYUR@EXAMPLE.COM,+91-8765432109,59,1800000,85000,Mumbai,2024-01-19 03:00:00
C0437,amit kumar,rahul@example.com,7654321098,33,700000,75000,Delhi,2024-01-19 04:00:00
C0438,Sneha Desai,,+91-8765432109,54,1400000,40000,,2024-01-19 05:00:00
C0439,amit kumar,rahul@example.com,7654321098,39,1000000,60000,Delhi,2024-01-19 06:00:00
C0440,,,+91-8765432109,32,500000,10000,Pune,2024-01-19 07:00:00
C0441,Sneha Desai,MAYUR@EXAMPLE.COM,+91-8765432109,57,1800000,60000,Pune,2024-01-19 08:00:00
C0442,amit kumar,priya@example.com,,27,1200000,25000,Mumbai,2024-01-19 09:00:00
C0443,,rahul@example.com,+91-8765432109,200,1800000,40000,Bangalore,2024-01-19 10:00:00
C0444,Priya  Patel,priya@example.com,,39,1400000,80000,Mumbai,2024-01-19 11:00:00
C0445,amit kumar,,+91-8765432109,52,10000000,95000,Bangalore,2024-01-19 12:00:00
C0446,Sneha Desai,rahul@example.com,9876543210,45,1300000,65000,Delhi,2024-01-19 13:00:00
C0447,RAHUL SHARMA,,+91-8765432109,58,1000000,90000,Pune,2024-01-19 14:00:00
C0448,amit kumar,priya@example.com,9876543210,40,1500000,10000,Bangalore,2024-01-19 15:00:00
C0449,RAHUL SHARMA,rahul@example.com,9876543210,150,1100000,60000,Delhi,2024-01-19 16:00:00
C0450,,priya@example.com,+91-8765432109,200,10000000,10000,Pune,2024-01-19 17:00:00
C0451,Priya  Patel,rahul@example.com,9876543210,,500000,80000,Bangalore,2024-01-19 18:00:00
C0452,mayurkumar surani,MAYUR@EXAMPLE.COM,,28,900000,55000,Mumbai,2024-01-19 19:00:00
C0453,Priya  Patel,priya@example.com,7654321098,43,1300000,40000,Mumbai,2024-01-19 20:00:00
C0454,amit kumar,,+91-8765432109,56,600000,15000,Mumbai,2024-01-19 21:00:00
C0455,RAHUL SHARMA,,9876543210,,1500000,55000,Delhi,2024-01-19 22:00:00
C0456,RAHUL SHARMA,,+91-8765432109,36,1000000,25000,Mumbai,2024-01-19 23:00:00
C0457,Sneha Desai,rahul@example.com,,43,1200000,65000,,2024-01-20 00:00:00
C0458,RAHUL SHARMA,priya@example.com,+91-8765432109,40,800000,,Pune,2024-01-20 01:00:00
C0459,Sneha Desai,,+91-8765432109,58,1500000,60000,Delhi,2024-01-20 02:00:00
C0460,,priya@example.com,9876543210,,900000,45000,Mumbai,2024-01-20 03:00:00
C0461,mayurkumar surani,rahul@example.com,,58,1900000,95000,Pune,2024-01-20 04:00:00
C0462,amit kumar,,7654321098,32,600000,60000,Bangalore,2024-01-20 05:00:00
C0463,Sneha Desai,MAYUR@EXAMPLE.COM,7654321098,30,1500000,60000,Mumbai,2024-01-20 06:00:00
C0464,mayurkumar surani,,9876543210,38,1700000,70000,Pune,2024-01-20 07:00:00
C0465,RAHUL SHARMA,,+91-8765432109,30,800000,20000,,2024-01-20 08:00:00
C0466,RAHUL SHARMA,MAYUR@EXAMPLE.COM,9876543210,32,1100000,65000,Bangalore,2024-01-20 09:00:00
C0467,mayurkumar surani,,9876543210,20,1500000,20000,,2024-01-20 10:00:00
C0468,RAHUL SHARMA,rahul@example.com,9876543210,59,800000,55000,Pune,2024-01-20 11:00:00
C0469,,MAYUR@EXAMPLE.COM,+91-8765432109,38,1900000,90000,,2024-01-20 12:00:00
C0470,,,,31,500000,15000,Pune,2024-01-20 13:00:00
C0471,mayurkumar surani,rahul@example.com,9876543210,27,700000,90000,Pune,2024-01-20 14:00:00
C0472,Sneha Desai,,+91-8765432109,27,1800000,85000,,2024-01-20 15:00:00
C0473,Sneha Desai,rahul@example.com,,31,1000000,15000,Pune,2024-01-20 16:00:00
C0474,mayurkumar surani,priya@example.com,9876543210,52,500000,500000,Mumbai,2024-01-20 17:00:00
C0475,Sneha Desai,rahul@example.com,7654321098,45,1000000,35000,Pune,2024-01-20 18:00:00
C0476,Sneha Desai,rahul@example.com,,58,1000000,55000,Delhi,2024-01-20 19:00:00
C0477,,priya@example.com,9876543210,47,,55000,Pune,2024-01-20 20:00:00
C0478,Sneha Desai,,,24,900000,45000,Delhi,2024-01-20 21:00:00
C0479,Priya  Patel,,,27,10000000,10000,Pune,2024-01-20 22:00:00
C0480,amit kumar,rahul@example.com,,44,1400000,70000,Pune,2024-01-20 23:00:00
C0481,RAHUL SHARMA,priya@example.com,,46,1100000,50000,,2024-01-21 00:00:00
C0482,Priya  Patel,priya@example.com,,42,700000,55000,Mumbai,2024-01-21 01:00:00
C0483,Sneha Desai,,,49,1700000,80000,Mumbai,2024-01-21 02:00:00
C0484,,,9876543210,42,1900000,30000,Bangalore,2024-01-21 03:00:00
C0485,mayurkumar surani,MAYUR@EXAMPLE.COM,7654321098,39,700000,85000,,2024-01-21 04:00:00
C0486,Sneha Desai,,+91-8765432109,37,800000,70000,,2024-01-21 05:00:00
C0487,,,,37,900000,500000,Mumbai,2024-01-21 06:00:00
C0488,amit kumar,,+91-8765432109,21,500000,95000,,2024-01-21 07:00:00
C0489,Sneha Desai,MAYUR@EXAMPLE.COM,9876543210,23,800000,60000,Mumbai,2024-01-21 08:00:00
C0490,mayurkumar surani,,,49,1600000,50000,,2024-01-21 09:00:00
C0491,,MAYUR@EXAMPLE.COM,7654321098,52,1400000,85000,Pune,2024-01-21 10:00:00
C0492,,rahul@example.com,+91-8765432109,55,1700000,15000,Mumbai,2024-01-21 11:00:00
C0493,,MAYUR@EXAMPLE.COM,,37,1800000,15000,Mumbai,2024-01-21 12:00:00
C0494,amit kumar,,9876543210,56,900000,65000,Delhi,2024-01-21 13:00:00
C0495,Sneha Desai,,7654321098,38,800000,45000,,2024-01-21 14:00:00
C0496,amit kumar,MAYUR@EXAMPLE.COM,+91-8765432109,47,1800000,50000,,2024-01-21 15:00:00
C0497,RAHUL SHARMA,MAYUR@EXAMPLE.COM,+91-8765432109,59,1400000,65000,Mumbai,2024-01-21 16:00:00
C0498,RAHUL SHARMA,priya@example.com,,39,10000000,50000,Pune,2024-01-21 17:00:00
C0499,Sneha Desai,,7654321098,52,1400000,55000,Pune,2024-01-21 18:00:00
C0500,amit kumar,rahul@example.com,7654321098,31,1100000,15000,Pune,2024-01-21 19:00:00
C0501,mayurkumar surani,,7654321098,34,,85000,,2024-01-21 20:00:00
C0502,,rahul@example.com,7654321098,,500000,500000,Delhi,2024-01-21 21:00:00
C0503,,,9876543210,58,10000000,40000,Mumbai,2024-01-21 22:00:00
C0504,Sneha Desai,MAYUR@EXAMPLE.COM,7654321098,21,1300000,15000,Bangalore,2024-01-21 23:00:00
C0505,RAHUL SHARMA,MAYUR@EXAMPLE.COM,+91-8765432109,48,1000000,10000,Delhi,2024-01-22 00:00:00
C0506,RAHUL SHARMA,,+91-8765432109,,1700000,,Bangalore,2024-01-22 01:00:00
C0507,,MAYUR@EXAMPLE.COM,9876543210,29,700000,25000,Delhi,2024-01-22 02:00:00
C0508,Sneha Desai,MAYUR@EXAMPLE.COM,+91-8765432109,21,1100000,15000,Pune,2024-01-22 03:00:00
C0509,amit kumar,MAYUR@EXAMPLE.COM,+91-8765432109,30,1300000,75000,,2024-01-22 04:00:00
C0510,RAHUL SHARMA,,7654321098,32,900000,15000,Bangalore,2024-01-22 05:00:00
C0511,amit kumar,,+91-8765432109,29,1400000,80000,Delhi,2024-01-22 06:00:00
C0512,RAHUL SHARMA,priya@example.com,9876543210,33,10000000,65000,,2024-01-22 07:00:00
C0513,RAHUL SHARMA,rahul@example.com,7654321098,37,1600000,30000,Bangalore,2024-01-22 08:00:00
C0514,Priya  Patel,,,28,,500000,Mumbai,2024-01-22 09:00:00
C0515,RAHUL SHARMA,,7654321098,58,700000,40000,Delhi,2024-01-22 10:00:00
C0516,mayurkumar surani,,9876543210,47,1300000,55000,Mumbai,2024-01-22 11:00:00
C0517,Sneha Desai,priya@example.com,7654321098,22,1900000,75000,Pune,2024-01-22 12:00:00
C0518,Sneha Desai,,7654321098,39,900000,75000,Mumbai,2024-01-22 13:00:00
C0519,amit kumar,priya@example.com,9876543210,25,1700000,30000,Mumbai,2024-01-22 14:00:00
C0520,RAHUL SHARMA,,7654321098,46,1800000,95000,Delhi,2024-01-22 15:00:00
C0521,mayurkumar surani,rahul@example.com,9876543210,21,1900000,75000,Pune,2024-01-22 16:00:00
C0522,amit kumar,MAYUR@EXAMPLE.COM,9876543210,48,,15000,Mumbai,2024-01-22 17:00:00
C0523,Priya  Patel,,,57,1700000,65000,,2024-01-22 18:00:00
C0524,amit kumar,,+91-8765432109,22,10000000,35000,Bangalore,2024-01-22 19:00:00
C0525,amit kumar,priya@example.com,+91-8765432109,35,1200000,25000,Mumbai,2024-01-22 20:00:00
C0526,RAHUL SHARMA,,7654321098,49,600000,70000,Pune,2024-01-22 21:00:00
C0527,Priya  Patel,,7654321098,59,900000,25000,Mumbai,2024-01-22 22:00:00
C0528,amit kumar,,,21,1000000,75000,Bangalore,2024-01-22 23:00:00
C0529,mayurkumar surani,priya@example.com,,36,1600000,85000,Pune,2024-01-23 00:00:00
C0530,mayurkumar surani,,,,500000,25000,Delhi,2024-01-23 01:00:00
C0531,Sneha Desai,rahul@example.com,9876543210,31,10000000,10000,Pune,2024-01-23 02:00:00
C0532,Priya  Patel,priya@example.com,,54,1500000,70000,Delhi,2024-01-23 03:00:00
C0533,Priya  Patel,rahul@example.com,,200,1400000,25000,Pune,2024-01-23 04:00:00
C0534,Sneha Desai,MAYUR@EXAMPLE.COM,7654321098,20,1800000,500000,Bangalore,2024-01-23 05:00:00
C0535,amit kumar,rahul@example.com,,34,1400000,95000,Bangalore,2024-01-23 06:00:00
C0536,Priya  Patel,MAYUR@EXAMPLE.COM,9876543210,45,1900000,35000,Pune,2024-01-23 07:00:00
C0537,mayurkumar surani,MAYUR@EXAMPLE.COM,9876543210,56,800000,20000,Mumbai,2024-01-23 08:00:00
C0538,mayurkumar surani,rahul@example.com,7654321098,40,600000,70000,Bangalore,2024-01-23 09:00:00
C0539,RAHUL SHARMA,priya@example.com,,50,1300000,85000,Delhi,2024-01-23 10:00:00
C0540,Priya  Patel,,,44,1400000,30000,Delhi,2024-01-23 11:00:00
C0541,amit kumar,,9876543210,42,1500000,25000,,2024-01-23 12:00:00
C0542,Sneha Desai,MAYUR@EXAMPLE.COM,,43,1800000,45000,Delhi,2024-01-23 13:00:00
C0543,Sneha Desai,MAYUR@EXAMPLE.COM,,57,1100000,,,2024-01-23 14:00:00
C0544,amit kumar,priya@example.com,,47,1900000,75000,Pune,2024-01-23 15:00:00
C0545,,,+91-8765432109,40,1900000,40000,Pune,2024-01-23 16:00:00
C0546,RAHUL SHARMA,rahul@example.com,7654321098,200,1200000,75000,Pune,2024-01-23 17:00:00
C0547,Sneha Desai,MAYUR@EXAMPLE.COM,+91-8765432109,37,1500000,35000,Mumbai,2024-01-23 18:00:00
C0548,Priya  Patel,,7654321098,55,1300000,65000,Mumbai,2024-01-23 19:00:00
C0549,RAHUL SHARMA,priya@example.com,9876543210,54,1900000,85000,,2024-01-23 20:00:00
C0550,Priya  Patel,rahul@example.com,,28,500000,90000,Delhi,2024-01-23 21:00:00
C0551,mayurkumar surani,priya@example.com,7654321098,57,500000,70000,Delhi,2024-01-23 22:00:00
C0552,RAHUL SHARMA,rahul@example.com,+91-8765432109,49,700000,75000,Pune,2024-01-23 23:00:00
C0553,Sneha Desai,rahul@example.com,,53,1400000,40000,Bangalore,2024-01-24 00:00:00
C0554,RAHUL SHARMA,MAYUR@EXAMPLE.COM,9876543210,51,1200000,75000,Mumbai,2024-01-24 01:00:00
C0555,RAHUL SHARMA,priya@example.com,7654321098,22,1900000,80000,Mumbai,2024-01-24 02:00:00
C0556,RAHUL SHARMA,priya@example.com,7654321098,22,1400000,65000,Pune,2024-01-24 03:00:00
C0557,,,7654321098,47,500000,90000,Mumbai,2024-01-24 04:00:00
C0558,RAHUL SHARMA,,,34,600000,50000,Pune,2024-01-24 05:00:00
C0559,Priya  Patel,MAYUR@EXAMPLE.COM,+91-8765432109,,1700000,80000,,2024-01-24 06:00:00
C0560,mayurkumar surani,MAYUR@EXAMPLE.COM,+91-8765432109,42,500000,65000,Delhi,2024-01-24 07:00:00
C0561,amit kumar,,7654321098,59,600000,15000,Bangalore,2024-01-24 08:00:00
C0562,RAHUL SHARMA,,9876543210,30,,30000,Delhi,2024-01-24 09:00:00
C0563,Sneha Desai,rahul@example.com,9876543210,51,1900000,70000,Delhi,2024-01-24 10:00:00
C0564,RAHUL SHARMA,priya@example.com,+91-8765432109,55,1700000,500000,,2024-01-24 11:00:00
C0565,Sneha Desai,MAYUR@EXAMPLE.COM,9876543210,52,,45000,Mumbai,2024-01-24 12:00:00
C0566,Priya  Patel,priya@example.com,+91-8765432109,43,10000000,75000,Bangalore,2024-01-24 13:00:00
C0567,Sneha Desai,priya@example.com,7654321098,58,1100000,80000,Mumbai,2024-01-24 14:00:00
C0568,amit kumar,,+91-8765432109,53,10000000,60000,Delhi,2024-01-24 15:00:00
C0569,mayurkumar surani,,+91-8765432109,47,1100000,10000,Pune,2024-01-24 16:00:00
C0570,Sneha Desai,MAYUR@EXAMPLE.COM,7654321098,56,1700000,20000,Delhi,2024-01-24 17:00:00
C0571,Sneha Desai,priya@example.com,9876543210,26,900000,90000,Mumbai,2024-01-24 18:00:00
C0572,mayurkumar surani,MAYUR@EXAMPLE.COM,+91-8765432109,23,10000000,,Delhi,2024-01-24 19:00:00
C0573,amit kumar,rahul@example.com,+91-8765432109,56,700000,75000,Pune,2024-01-24 20:00:00
C0574,RAHUL SHARMA,,7654321098,20,1100000,45000,,2024-01-24 21:00:00
C0575,Sneha Desai,rahul@example.com,9876543210,20,10000000,70000,Mumbai,2024-01-24 22:00:00
C0576,mayurkumar surani,MAYUR@EXAMPLE.COM,+91-8765432109,39,1100000,500000,Delhi,2024-01-24 23:00:00
C0577,Priya  Patel,MAYUR@EXAMPLE.COM,7654321098,38,500000,20000,Mumbai,2024-01-25 00:00:00
C0578,mayurkumar surani,,+91-8765432109,48,10000000,30000,,2024-01-25 01:00:00
C0579,Priya  Patel,priya@example.com,,29,10000000,50000,Delhi,2024-01-25 02:00:00
C0580,amit kumar,priya@example.com,7654321098,37,1500000,35000,Delhi,2024-01-25 03:00:00
C0581,RAHUL SHARMA,rahul@example.com,9876543210,47,700000,15000,Mumbai,2024-01-25 04:00:00
C0582,mayurkumar surani,,9876543210,54,1900000,70000,Mumbai,2024-01-25 05:00:00
C0583,,priya@example.com,9876543210,200,1500000,30000,Pune,2024-01-25 06:00:00
C0584,Sneha Desai,,9876543210,50,,45000,,2024-01-25 07:00:00
C0585,amit kumar,rahul@example.com,+91-8765432109,46,1300000,10000,Pune,2024-01-25 08:00:00
C0586,mayurkumar surani,rahul@example.com,+91-8765432109,30,500000,500000,Delhi,2024-01-25 09:00:00
C0587,Sneha Desai,,9876543210,57,,65000,Mumbai,2024-01-25 10:00:00
C0588,mayurkumar surani,,9876543210,24,1300000,60000,Delhi,2024-01-25 11:00:00
C0589,Priya  Patel,,9876543210,27,1600000,40000,Delhi,2024-01-25 12:00:00
C0590,mayurkumar surani,,+91-8765432109,53,1300000,80000,Bangalore,2024-01-25 13:00:00
C0591,,,9876543210,31,1100000,60000,Bangalore,2024-01-25 14:00:00
C0592,mayurkumar surani,,9876543210,57,1800000,85000,Delhi,2024-01-25 15:00:00
C0593,mayurkumar surani,MAYUR@EXAMPLE.COM,,20,600000,20000,Mumbai,2024-01-25 16:00:00
C0594,,rahul@example.com,,50,1300000,500000,Delhi,2024-01-25 17:00:00
C0595,amit kumar,,9876543210,23,1700000,75000,Bangalore,2024-01-25 18:00:00
C0596,mayurkumar surani,,7654321098,24,1900000,20000,Mumbai,2024-01-25 19:00:00
C0597,,priya@example.com,9876543210,49,700000,10000,Delhi,2024-01-25 20:00:00
C0598,Sneha Desai,rahul@example.com,,43,1500000,80000,,2024-01-25 21:00:00
C0599,Priya  Patel,priya@example.com,7654321098,22,1800000,10000,,2024-01-25 22:00:00
C0600,Priya  Patel,rahul@example.com,7654321098,30,1200000,90000,Delhi,2024-01-25 23:00:00
C0601,mayurkumar surani,priya@example.com,9876543210,23,,15000,Mumbai,2024-01-26 00:00:00
C0602,amit kumar,,,45,600000,500000,Delhi,2024-01-26 01:00:00
C0603,amit kumar,,,46,1200000,35000,Delhi,2024-01-26 02:00:00
C0604,Sneha Desai,MAYUR@EXAMPLE.COM,7654321098,200,1000000,45000,Bangalore,2024-01-26 03:00:00
C0605,mayurkumar surani,priya@example.com,9876543210,46,1600000,85000,,2024-01-26 04:00:00
C0606,Priya  Patel,,+91-8765432109,150,1900000,,Bangalore,2024-01-26 05:00:00
C0607,amit kumar,MAYUR@EXAMPLE.COM,+91-8765432109,25,1200000,10000,Bangalore,2024-01-26 06:00:00
C0608,mayurkumar surani,priya@example.com,,34,800000,20000,Delhi,2024-01-26 07:00:00
C0609,amit kumar,priya@example.com,+91-8765432109,49,1900000,20000,Bangalore,2024-01-26 08:00:00
C0610,,MAYUR@EXAMPLE.COM,,150,10000000,30000,,2024-01-26 09:00:00
C0611,amit kumar,,,56,1700000,65000,Bangalore,2024-01-26 10:00:00
C0612,Priya  Patel,priya@example.com,,56,600000,65000,,2024-01-26 11:00:00
C0613,RAHUL SHARMA,,+91-8765432109,150,1700000,500000,Bangalore,2024-01-26 12:00:00
C0614,Sneha Desai,MAYUR@EXAMPLE.COM,,56,1700000,70000,,2024-01-26 13:00:00
C0615,Sneha Desai,,7654321098,54,1900000,500000,Bangalore,2024-01-26 14:00:00
C0616,Priya  Patel,rahul@example.com,9876543210,42,1400000,50000,Bangalore,2024-01-26 15:00:00
C0617,amit kumar,,9876543210,25,700000,40000,Mumbai,2024-01-26 16:00:00
C0618,mayurkumar surani,priya@example.com,,23,700000,25000,,2024-01-26 17:00:00
C0619,amit kumar,,9876543210,37,1800000,,,2024-01-26 18:00:00
C0620,Priya  Patel,,+91-8765432109,28,1200000,,,2024-01-26 19:00:00
C0621,Sneha Desai,priya@example.com,+91-8765432109,48,800000,35000,Pune,2024-01-26 20:00:00
C0622,amit kumar,,9876543210,32,1500000,70000,Bangalore,2024-01-26 21:00:00
C0623,Sneha Desai,rahul@example.com,+91-8765432109,36,1500000,60000,,2024-01-26 22:00:00
C0624,mayurkumar surani,MAYUR@EXAMPLE.COM,9876543210,51,1500000,70000,Pune,2024-01-26 23:00:00
C0625,Sneha Desai,priya@example.com,9876543210,41,600000,70000,Mumbai,2024-01-27 00:00:00
C0626,Sneha Desai,rahul@example.com,9876543210,23,10000000,500000,,2024-01-27 01:00:00
C0627,RAHUL SHARMA,rahul@example.com,,24,1300000,80000,,2024-01-27 02:00:00
C0628,RAHUL SHARMA,priya@example.com,9876543210,56,600000,70000,Pune,2024-01-27 03:00:00
C0629,,,,,1900000,60000,Bangalore,2024-01-27 04:00:00
C0630,RAHUL SHARMA,rahul@example.com,9876543210,32,,,Mumbai,2024-01-27 05:00:00
C0631,Sneha Desai,,9876543210,53,800000,45000,,2024-01-27 06:00:00
C0632,Priya  Patel,rahul@example.com,9876543210,41,1200000,500000,Bangalore,2024-01-27 07:00:00
C0633,Sneha Desai,,+91-8765432109,42,1300000,45000,Mumbai,2024-01-27 08:00:00
C0634,Priya  Patel,,,22,900000,55000,Delhi,2024-01-27 09:00:00
C0635,Priya  Patel,,,150,,85000,Delhi,2024-01-27 10:00:00
C0636,RAHUL SHARMA,rahul@example.com,9876543210,53,1700000,,Mumbai,2024-01-27 11:00:00
C0637,amit kumar,,9876543210,51,1100000,60000,Pune,2024-01-27 12:00:00
C0638,mayurkumar surani,priya@example.com,+91-8765432109,40,10000000,70000,Mumbai,2024-01-27 13:00:00
C0639,RAHUL SHARMA,MAYUR@EXAMPLE.COM,+91-8765432109,40,700000,50000,Mumbai,2024-01-27 14:00:00
C0640,RAHUL SHARMA,MAYUR@EXAMPLE.COM,+91-8765432109,30,900000,500000,Pune,2024-01-27 15:00:00
C0641,amit kumar,MAYUR@EXAMPLE.COM,,58,1600000,,Pune,2024-01-27 16:00:00
C0642,mayurkumar surani,rahul@example.com,,23,1100000,85000,Bangalore,2024-01-27 17:00:00
C0643,Sneha Desai,,,20,1300000,40000,Bangalore,2024-01-27 18:00:00
C0644,,,9876543210,47,1000000,,Pune,2024-01-27 19:00:00
C0645,,priya@example.com,,43,10000000,65000,Delhi,2024-01-27 20:00:00
C0646,Sneha Desai,priya@example.com,7654321098,54,,80000,Delhi,2024-01-27 21:00:00
C0647,RAHUL SHARMA,rahul@example.com,7654321098,32,700000,75000,Mumbai,2024-01-27 22:00:00
C0648,mayurkumar surani,MAYUR@EXAMPLE.COM,+91-8765432109,53,800000,60000,,2024-01-27 23:00:00
C0649,RAHUL SHARMA,rahul@example.com,,30,1400000,55000,Mumbai,2024-01-28 00:00:00
C0650,Priya  Patel,,7654321098,55,900000,60000,Mumbai,2024-01-28 01:00:00
C0651,RAHUL SHARMA,,+91-8765432109,36,1400000,35000,,2024-01-28 02:00:00
C0652,RAHUL SHARMA,,,54,1600000,15000,Pune,2024-01-28 03:00:00
C0653,Sneha Desai,,9876543210,37,1400000,60000,Delhi,2024-01-28 04:00:00
C0654,Sneha Desai,,7654321098,59,1700000,,Mumbai,2024-01-28 05:00:00
C0655,Sneha Desai,,9876543210,41,1500000,35000,,2024-01-28 06:00:00
C0656,,,,43,,75000,Bangalore,2024-01-28 07:00:00
C0657,Priya  Patel,rahul@example.com,7654321098,38,1200000,500000,Mumbai,2024-01-28 08:00:00
C0658,Sneha Desai,,,56,1200000,35000,Delhi,2024-01-28 09:00:00
C0659,mayurkumar surani,priya@example.com,9876543210,58,1200000,90000,Pune,2024-01-28 10:00:00
C0660,,MAYUR@EXAMPLE.COM,7654321098,40,1700000,55000,Mumbai,2024-01-28 11:00:00
C0661,amit kumar,,9876543210,27,600000,10000,Mumbai,2024-01-28 12:00:00
C0662,mayurkumar surani,MAYUR@EXAMPLE.COM,,47,1600000,20000,,2024-01-28 13:00:00
C0663,mayurkumar surani,rahul@example.com,,24,1400000,45000,Bangalore,2024-01-28 14:00:00
C0664,Sneha Desai,MAYUR@EXAMPLE.COM,9876543210,36,1600000,45000,Bangalore,2024-01-28 15:00:00
C0665,amit kumar,rahul@example.com,7654321098,56,1500000,500000,Pune,2024-01-28 16:00:00
C0666,amit kumar,priya@example.com,9876543210,55,1900000,80000,Delhi,2024-01-28 17:00:00
C0667,,rahul@example.com,,38,,40000,Pune,2024-01-28 18:00:00
C0668,amit kumar,rahul@example.com,9876543210,46,10000000,60000,Mumbai,2024-01-28 19:00:00
C0669,Priya  Patel,,,53,600000,40000,Mumbai,2024-01-28 20:00:00
C0670,Sneha Desai,,9876543210,30,1600000,25000,Bangalore,2024-01-28 21:00:00
C0671,amit kumar,,7654321098,31,10000000,65000,Delhi,2024-01-28 22:00:00
C0672,,priya@example.com,7654321098,40,1000000,35000,,2024-01-28 23:00:00
C0673,Priya  Patel,priya@example.com,9876543210,30,1900000,75000,Delhi,2024-01-29 00:00:00
C0674,RAHUL SHARMA,,9876543210,58,700000,65000,Mumbai,2024-01-29 01:00:00
C0675,RAHUL SHARMA,,7654321098,47,1000000,60000,,2024-01-29 02:00:00
C0676,Priya  Patel,,,24,700000,,Delhi,2024-01-29 03:00:00
C0677,,,7654321098,36,500000,30000,Delhi,2024-01-29 04:00:00
C0678,Priya  Patel,priya@example.com,,39,1700000,75000,,2024-01-29 05:00:00
C0679,Sneha Desai,MAYUR@EXAMPLE.COM,9876543210,,1800000,85000,Mumbai,2024-01-29 06:00:00
C0680,Sneha Desai,priya@example.com,9876543210,31,1700000,70000,Delhi,2024-01-29 07:00:00
C0681,RAHUL SHARMA,priya@example.com,,25,800000,500000,,2024-01-29 08:00:00
C0682,amit kumar,rahul@example.com,9876543210,36,1100000,25000,Mumbai,2024-01-29 09:00:00
C0683,,rahul@example.com,,38,1400000,60000,,2024-01-29 10:00:00
C0684,RAHUL SHARMA,rahul@example.com,+91-8765432109,45,1100000,90000,,2024-01-29 11:00:00
C0685,amit kumar,rahul@example.com,7654321098,51,1900000,40000,Delhi,2024-01-29 12:00:00
C0686,amit kumar,,+91-8765432109,25,1900000,75000,Mumbai,2024-01-29 13:00:00
C0687,Sneha Desai,,,55,800000,60000,Delhi,2024-01-29 14:00:00
C0688,mayurkumar surani,MAYUR@EXAMPLE.COM,7654321098,57,1000000,50000,Pune,2024-01-29 15:00:00
C0689,mayurkumar surani,priya@example.com,,30,900000,70000,Pune,2024-01-29 16:00:00
C0690,Priya  Patel,,7654321098,52,1600000,95000,Mumbai,2024-01-29 17:00:00
C0691,Sneha Desai,MAYUR@EXAMPLE.COM,7654321098,43,500000,60000,,2024-01-29 18:00:00
C0692,amit kumar,,7654321098,42,1200000,80000,Delhi,2024-01-29 19:00:00
C0693,,,7654321098,34,500000,,Delhi,2024-01-29 20:00:00
C0694,mayurkumar surani,priya@example.com,,46,900000,10000,Mumbai,2024-01-29 21:00:00
C0695,amit kumar,,7654321098,30,1000000,25000,Mumbai,2024-01-29 22:00:00
C0696,mayurkumar surani,rahul@example.com,7654321098,36,700000,75000,Pune,2024-01-29 23:00:00
C0697,mayurkumar surani,,+91-8765432109,33,1900000,75000,Bangalore,2024-01-30 00:00:00
C0698,mayurkumar surani,priya@example.com,9876543210,46,900000,20000,Mumbai,2024-01-30 01:00:00
C0699,,priya@example.com,9876543210,37,1800000,90000,Bangalore,2024-01-30 02:00:00
C0700,Sneha Desai,priya@example.com,+91-8765432109,47,,20000,Mumbai,2024-01-30 03:00:00
C0701,,MAYUR@EXAMPLE.COM,+91-8765432109,23,1000000,85000,,2024-01-30 04:00:00
C0702,RAHUL SHARMA,,,26,1800000,75000,,2024-01-30 05:00:00
C0703,amit kumar,,,54,1200000,500000,Pune,2024-01-30 06:00:00
C0704,Sneha Desai,,,28,1100000,70000,Pune,2024-01-30 07:00:00
C0705,Sneha Desai,,+91-8765432109,27,1200000,80000,Bangalore,2024-01-30 08:00:00
C0706,Sneha Desai,,+91-8765432109,36,1700000,75000,Mumbai,2024-01-30 09:00:00
C0707,Sneha Desai,priya@example.com,7654321098,36,1000000,,Delhi,2024-01-30 10:00:00
C0708,,,,52,600000,35000,Pune,2024-01-30 11:00:00
C0709,Sneha Desai,priya@example.com,,51,1200000,55000,Delhi,2024-01-30 12:00:00
C0710,Priya  Patel,MAYUR@EXAMPLE.COM,,27,1500000,80000,Delhi,2024-01-30 13:00:00
C0711,amit kumar,,9876543210,38,500000,500000,Mumbai,2024-01-30 14:00:00
C0712,Sneha Desai,priya@example.com,7654321098,57,1000000,35000,Bangalore,2024-01-30 15:00:00
C0713,amit kumar,priya@example.com,,22,,55000,Mumbai,2024-01-30 16:00:00
C0714,Priya  Patel,MAYUR@EXAMPLE.COM,,24,1600000,40000,Pune,2024-01-30 17:00:00
C0715,Priya  Patel,rahul@example.com,,32,1500000,90000,Delhi,2024-01-30 18:00:00
C0716,amit kumar,,9876543210,50,1400000,95000,Mumbai,2024-01-30 19:00:00
C0717,mayurkumar surani,rahul@example.com,9876543210,35,700000,90000,Mumbai,2024-01-30 20:00:00
C0718,RAHUL SHARMA,,+91-8765432109,51,1700000,50000,Mumbai,2024-01-30 21:00:00
C0719,mayurkumar surani,priya@example.com,7654321098,41,700000,55000,Pune,2024-01-30 22:00:00
C0720,mayurkumar surani,MAYUR@EXAMPLE.COM,+91-8765432109,48,1900000,55000,Bangalore,2024-01-30 23:00:00
C0721,,MAYUR@EXAMPLE.COM,7654321098,41,,40000,Mumbai,2024-01-31 00:00:00
C0722,mayurkumar surani,,9876543210,200,1700000,85000,Pune,2024-01-31 01:00:00
C0723,Sneha Desai,rahul@example.com,,22,10000000,95000,Delhi,2024-01-31 02:00:00
C0724,,,+91-8765432109,29,700000,35000,,2024-01-31 03:00:00
C0725,,priya@example.com,,150,1500000,500000,Pune,2024-01-31 04:00:00
C0726,Priya  Patel,,+91-8765432109,40,1500000,10000,,2024-01-31 05:00:00
C0727,mayurkumar surani,MAYUR@EXAMPLE.COM,9876543210,35,,10000,Mumbai,2024-01-31 06:00:00
C0728,Priya  Patel,MAYUR@EXAMPLE.COM,9876543210,31,700000,65000,Mumbai,2024-01-31 07:00:00
C0729,amit kumar,,9876543210,21,1000000,15000,Pune,2024-01-31 08:00:00
C0730,RAHUL SHARMA,,+91-8765432109,,1800000,25000,,2024-01-31 09:00:00
C0731,,priya@example.com,7654321098,43,10000000,90000,Mumbai,2024-01-31 10:00:00
C0732,amit kumar,rahul@example.com,+91-8765432109,54,800000,25000,Delhi,2024-01-31 11:00:00
C0733,amit kumar,,7654321098,49,1900000,60000,Bangalore,2024-01-31 12:00:00
C0734,Sneha Desai,priya@example.com,+91-8765432109,49,1500000,25000,Bangalore,2024-01-31 13:00:00
C0735,RAHUL SHARMA,,+91-8765432109,54,700000,10000,Mumbai,2024-01-31 14:00:00
C0736,amit kumar,,9876543210,38,700000,40000,,2024-01-31 15:00:00
C0737,amit kumar,,,27,,95000,Mumbai,2024-01-31 16:00:00
C0738,RAHUL SHARMA,,,45,900000,50000,,2024-01-31 17:00:00
C0739,RAHUL SHARMA,rahul@example.com,7654321098,59,1400000,20000,Delhi,2024-01-31 18:00:00
C0740,amit kumar,priya@example.com,,26,800000,45000,,2024-01-31 19:00:00
C0741,RAHUL SHARMA,,+91-8765432109,49,1500000,,Mumbai,2024-01-31 20:00:00
C0742,amit kumar,MAYUR@EXAMPLE.COM,+91-8765432109,26,600000,25000,Delhi,2024-01-31 21:00:00
C0743,amit kumar,MAYUR@EXAMPLE.COM,9876543210,22,1400000,95000,Pune,2024-01-31 22:00:00
C0744,Sneha Desai,,9876543210,20,1500000,500000,Bangalore,2024-01-31 23:00:00
C0745,mayurkumar surani,,,55,,60000,Mumbai,2024-02-01 00:00:00
C0746,amit kumar,,7654321098,44,1500000,75000,Mumbai,2024-02-01 01:00:00
C0747,Priya  Patel,MAYUR@EXAMPLE.COM,,56,1800000,95000,Mumbai,2024-02-01 02:00:00
C0748,,MAYUR@EXAMPLE.COM,,20,600000,85000,Delhi,2024-02-01 03:00:00
C0749,mayurkumar surani,,,34,900000,20000,Pune,2024-02-01 04:00:00
C0750,mayurkumar surani,,,56,900000,80000,,2024-02-01 05:00:00
C0751,mayurkumar surani,,+91-8765432109,32,1600000,25000,Pune,2024-02-01 06:00:00
C0752,Sneha Desai,rahul@example.com,7654321098,59,800000,30000,Delhi,2024-02-01 07:00:00
C0753,amit kumar,priya@example.com,+91-8765432109,27,10000000,90000,Mumbai,2024-02-01 08:00:00
C0754,Sneha Desai,,7654321098,24,1400000,40000,Bangalore,2024-02-01 09:00:00
C0755,amit kumar,MAYUR@EXAMPLE.COM,9876543210,28,1000000,85000,Mumbai,2024-02-01 10:00:00
C0756,Sneha Desai,,,20,1800000,75000,,2024-02-01 11:00:00
C0757,Sneha Desai,rahul@example.com,+91-8765432109,55,1500000,85000,Bangalore,2024-02-01 12:00:00
C0758,,rahul@example.com,7654321098,54,1500000,40000,Mumbai,2024-02-01 13:00:00
C0759,Priya  Patel,priya@example.com,9876543210,21,1500000,50000,Bangalore,2024-02-01 14:00:00
C0760,Sneha Desai,,9876543210,59,1600000,25000,Pune,2024-02-01 15:00:00
C0761,,MAYUR@EXAMPLE.COM,,42,900000,60000,Delhi,2024-02-01 16:00:00
C0762,RAHUL SHARMA,MAYUR@EXAMPLE.COM,7654321098,28,1300000,15000,Mumbai,2024-02-01 17:00:00
C0763,Priya  Patel,,+91-8765432109,53,1300000,65000,,2024-02-01 18:00:00
C0764,Sneha Desai,MAYUR@EXAMPLE.COM,,33,1400000,65000,Pune,2024-02-01 19:00:00
C0765,mayurkumar surani,priya@example.com,+91-8765432109,23,500000,25000,Mumbai,2024-02-01 20:00:00
C0766,RAHUL SHARMA,priya@example.com,9876543210,49,1100000,95000,Pune,2024-02-01 21:00:00
C0767,RAHUL SHARMA,MAYUR@EXAMPLE.COM,+91-8765432109,50,800000,40000,,2024-02-01 22:00:00
C0768,,MAYUR@EXAMPLE.COM,+91-8765432109,57,500000,10000,Mumbai,2024-02-01 23:00:00
C0769,RAHUL SHARMA,,,30,1900000,70000,,2024-02-02 00:00:00
C0770,Priya  Patel,MAYUR@EXAMPLE.COM,+91-8765432109,54,1200000,35000,Bangalore,2024-02-02 01:00:00
C0771,Sneha Desai,,,27,1600000,35000,,2024-02-02 02:00:00
C0772,Sneha Desai,,9876543210,22,1900000,65000,Bangalore,2024-02-02 03:00:00
C0773,mayurkumar surani,MAYUR@EXAMPLE.COM,,33,10000000,45000,Mumbai,2024-02-02 04:00:00
C0774,,rahul@example.com,,32,1800000,,Bangalore,2024-02-02 05:00:00
C0775,mayurkumar surani,rahul@example.com,7654321098,51,1800000,30000,Mumbai,2024-02-02 06:00:00
C0776,RAHUL SHARMA,,+91-8765432109,53,,95000,Mumbai,2024-02-02 07:00:00
C0777,mayurkumar surani,MAYUR@EXAMPLE.COM,9876543210,38,500000,30000,Delhi,2024-02-02 08:00:00
C0778,Priya  Patel,rahul@example.com,,57,1500000,55000,Mumbai,2024-02-02 09:00:00
C0779,Sneha Desai,MAYUR@EXAMPLE.COM,9876543210,35,1900000,10000,Bangalore,2024-02-02 10:00:00
C0780,RAHUL SHARMA,MAYUR@EXAMPLE.COM,7654321098,21,1600000,55000,Delhi,2024-02-02 11:00:00
C0781,mayurkumar surani,MAYUR@EXAMPLE.COM,+91-8765432109,59,1200000,30000,Delhi,2024-02-02 12:00:00
C0782,,,,36,1000000,65000,Mumbai,2024-02-02 13:00:00
C0783,Priya  Patel,MAYUR@EXAMPLE.COM,+91-8765432109,53,700000,40000,,2024-02-02 14:00:00
C0784,Priya  Patel,,7654321098,150,1700000,50000,,2024-02-02 15:00:00
C0785,mayurkumar surani,,7654321098,35,1700000,65000,Delhi,2024-02-02 16:00:00
C0786,Sneha Desai,rahul@example.com,9876543210,57,600000,10000,Mumbai,2024-02-02 17:00:00
C0787,mayurkumar surani,rahul@example.com,,21,900000,60000,,2024-02-02 18:00:00
C0788,RAHUL SHARMA,rahul@example.com,9876543210,21,10000000,80000,Mumbai,2024-02-02 19:00:00
C0789,mayurkumar surani,rahul@example.com,7654321098,45,1000000,15000,Mumbai,2024-02-02 20:00:00
C0790,Priya  Patel,rahul@example.com,+91-8765432109,32,600000,500000,Delhi,2024-02-02 21:00:00
C0791,mayurkumar surani,rahul@example.com,9876543210,50,800000,40000,Delhi,2024-02-02 22:00:00
C0792,Sneha Desai,rahul@example.com,9876543210,53,1500000,65000,Pune,2024-02-02 23:00:00
C0793,,,+91-8765432109,58,1200000,95000,,2024-02-03 00:00:00
C0794,amit kumar,MAYUR@EXAMPLE.COM,9876543210,22,1600000,20000,,2024-02-03 01:00:00
C0795,mayurkumar surani,priya@example.com,+91-8765432109,27,1200000,40000,,2024-02-03 02:00:00
C0796,Sneha Desai,,,42,1500000,60000,Bangalore,2024-02-03 03:00:00
C0797,Sneha Desai,priya@example.com,+91-8765432109,33,1200000,95000,Mumbai,2024-02-03 04:00:00
C0798,,priya@example.com,,46,1200000,65000,Delhi,2024-02-03 05:00:00
C0799,Priya  Patel,MAYUR@EXAMPLE.COM,+91-8765432109,48,10000000,35000,,2024-02-03 06:00:00
C0800,Sneha Desai,MAYUR@EXAMPLE.COM,7654321098,58,,30000,Pune,2024-02-03 07:00:00
C0801,Sneha Desai,MAYUR@EXAMPLE.COM,7654321098,58,1800000,10000,,2024-02-03 08:00:00
C0802,Sneha Desai,rahul@example.com,,20,1500000,65000,Mumbai,2024-02-03 09:00:00
C0803,Sneha Desai,,,36,1100000,60000,Mumbai,2024-02-03 10:00:00
C0804,RAHUL SHARMA,rahul@example.com,7654321098,,,25000,Delhi,2024-02-03 11:00:00
C0805,RAHUL SHARMA,,,49,1700000,95000,Bangalore,2024-02-03 12:00:00
C0806,Priya  Patel,,+91-8765432109,32,1900000,25000,Delhi,2024-02-03 13:00:00
C0807,mayurkumar surani,priya@example.com,+91-8765432109,40,,90000,,2024-02-03 14:00:00
C0808,Sneha Desai,priya@example.com,7654321098,38,1300000,15000,Pune,2024-02-03 15:00:00
C0809,,,9876543210,38,700000,15000,Delhi,2024-02-03 16:00:00
C0810,mayurkumar surani,,+91-8765432109,44,900000,65000,Bangalore,2024-02-03 17:00:00
C0811,,rahul@example.com,,41,1400000,35000,Delhi,2024-02-03 18:00:00
C0812,mayurkumar surani,rahul@example.com,9876543210,50,10000000,55000,Mumbai,2024-02-03 19:00:00
C0813,Priya  Patel,priya@example.com,9876543210,36,1900000,85000,,2024-02-03 20:00:00
C0814,Sneha Desai,MAYUR@EXAMPLE.COM,+91-8765432109,42,1200000,75000,,2024-02-03 21:00:00
C0815,Sneha Desai,,+91-8765432109,51,1900000,40000,,2024-02-03 22:00:00
C0816,amit kumar,rahul@example.com,9876543210,29,1800000,,,2024-02-03 23:00:00
C0817,,priya@example.com,9876543210,29,1100000,90000,,2024-02-04 00:00:00
C0818,mayurkumar surani,rahul@example.com,7654321098,55,1600000,50000,,2024-02-04 01:00:00
C0819,mayurkumar surani,,,27,10000000,70000,Pune,2024-02-04 02:00:00
C0820,RAHUL SHARMA,,7654321098,39,10000000,30000,Bangalore,2024-02-04 03:00:00
C0821,amit kumar,,+91-8765432109,51,1400000,30000,,2024-02-04 04:00:00
C0822,RAHUL SHARMA,MAYUR@EXAMPLE.COM,7654321098,33,1800000,55000,Bangalore,2024-02-04 05:00:00
C0823,RAHUL SHARMA,,7654321098,47,1500000,55000,,2024-02-04 06:00:00
C0824,RAHUL SHARMA,priya@example.com,7654321098,43,600000,40000,Delhi,2024-02-04 07:00:00
C0825,,rahul@example.com,7654321098,34,1100000,80000,,2024-02-04 08:00:00
C0826,,priya@example.com,,41,1600000,40000,Mumbai,2024-02-04 09:00:00
C0827,Priya  Patel,,,49,600000,80000,Pune,2024-02-04 10:00:00
C0828,Priya  Patel,,9876543210,23,1000000,20000,Delhi,2024-02-04 11:00:00
C0829,RAHUL SHARMA,,+91-8765432109,32,1400000,,Delhi,2024-02-04 12:00:00
C0830,amit kumar,,7654321098,42,1900000,55000,Mumbai,2024-02-04 13:00:00
C0831,mayurkumar surani,priya@example.com,9876543210,27,900000,80000,,2024-02-04 14:00:00
C0832,,,9876543210,37,700000,20000,Pune,2024-02-04 15:00:00
C0833,amit kumar,rahul@example.com,9876543210,31,900000,35000,Delhi,2024-02-04 16:00:00
C0834,Sneha Desai,rahul@example.com,,50,1200000,65000,Pune,2024-02-04 17:00:00
C0835,,priya@example.com,7654321098,33,1200000,80000,Delhi,2024-02-04 18:00:00
C0836,,,7654321098,53,1200000,35000,,2024-02-04 19:00:00
C0837,Priya  Patel,MAYUR@EXAMPLE.COM,+91-8765432109,37,1600000,70000,Delhi,2024-02-04 20:00:00
C0838,mayurkumar surani,priya@example.com,7654321098,53,1200000,,Delhi,2024-02-04 21:00:00
C0839,mayurkumar surani,priya@example.com,7654321098,30,1500000,20000,Bangalore,2024-02-04 22:00:00
C0840,Sneha Desai,,9876543210,,1800000,45000,,2024-02-04 23:00:00
C0841,Sneha Desai,rahul@example.com,+91-8765432109,31,1200000,45000,Mumbai,2024-02-05 00:00:00
C0842,,priya@example.com,7654321098,34,1400000,500000,Mumbai,2024-02-05 01:00:00
C0843,RAHUL SHARMA,priya@example.com,,50,1100000,80000,,2024-02-05 02:00:00
C0844,Priya  Patel,,7654321098,48,10000000,25000,Mumbai,2024-02-05 03:00:00
C0845,Priya  Patel,,9876543210,45,800000,,,2024-02-05 04:00:00
C0846,,MAYUR@EXAMPLE.COM,,37,1700000,20000,Mumbai,2024-02-05 05:00:00
C0847,amit kumar,,9876543210,51,800000,70000,Bangalore,2024-02-05 06:00:00
C0848,RAHUL SHARMA,MAYUR@EXAMPLE.COM,7654321098,41,900000,45000,Mumbai,2024-02-05 07:00:00
C0849,,,,57,800000,85000,Delhi,2024-02-05 08:00:00
C0850,RAHUL SHARMA,rahul@example.com,+91-8765432109,36,1000000,70000,,2024-02-05 09:00:00
C0851,RAHUL SHARMA,,+91-8765432109,42,600000,20000,Pune,2024-02-05 10:00:00
C0852,RAHUL SHARMA,,,43,1500000,85000,Pune,2024-02-05 11:00:00
C0853,,,,27,1800000,50000,,2024-02-05 12:00:00
C0854,Priya  Patel,,9876543210,,900000,75000,Bangalore,2024-02-05 13:00:00
C0855,Priya  Patel,,,25,1000000,70000,Mumbai,2024-02-05 14:00:00
C0856,RAHUL SHARMA,,9876543210,24,1400000,40000,Bangalore,2024-02-05 15:00:00
C0857,amit kumar,,7654321098,48,1200000,80000,Pune,2024-02-05 16:00:00
C0858,mayurkumar surani,,9876543210,47,1800000,40000,,2024-02-05 17:00:00
C0859,,rahul@example.com,,30,700000,35000,,2024-02-05 18:00:00
C0860,mayurkumar surani,MAYUR@EXAMPLE.COM,,20,1600000,15000,Bangalore,2024-02-05 19:00:00
C0861,amit kumar,priya@example.com,7654321098,200,,50000,Bangalore,2024-02-05 20:00:00
C0862,,MAYUR@EXAMPLE.COM,,38,10000000,90000,Mumbai,2024-02-05 21:00:00
C0863,RAHUL SHARMA,,,28,500000,30000,Delhi,2024-02-05 22:00:00
C0864,Priya  Patel,rahul@example.com,+91-8765432109,46,1400000,65000,Delhi,2024-02-05 23:00:00
C0865,mayurkumar surani,,+91-8765432109,53,1400000,10000,Mumbai,2024-02-06 00:00:00
C0866,Sneha Desai,rahul@example.com,7654321098,23,600000,55000,Delhi,2024-02-06 01:00:00
C0867,Sneha Desai,,9876543210,55,1300000,60000,Pune,2024-02-06 02:00:00
C0868,amit kumar,rahul@example.com,+91-8765432109,37,1700000,85000,Delhi,2024-02-06 03:00:00
C0869,RAHUL SHARMA,rahul@example.com,9876543210,34,,75000,Mumbai,2024-02-06 04:00:00
C0870,mayurkumar surani,,,32,1600000,45000,Delhi,2024-02-06 05:00:00
C0871,RAHUL SHARMA,rahul@example.com,+91-8765432109,38,1200000,90000,,2024-02-06 06:00:00
C0872,mayurkumar surani,priya@example.com,7654321098,25,10000000,95000,Bangalore,2024-02-06 07:00:00
C0873,amit kumar,priya@example.com,7654321098,31,1900000,65000,Pune,2024-02-06 08:00:00
C0874,amit kumar,rahul@example.com,7654321098,56,1400000,90000,,2024-02-06 09:00:00
C0875,Sneha Desai,,+91-8765432109,36,1900000,75000,,2024-02-06 10:00:00
C0876,RAHUL SHARMA,,9876543210,42,1900000,85000,Mumbai,2024-02-06 11:00:00
C0877,,priya@example.com,,45,1100000,75000,Bangalore,2024-02-06 12:00:00
C0878,Sneha Desai,,9876543210,48,1700000,50000,Bangalore,2024-02-06 13:00:00
C0879,RAHUL SHARMA,rahul@example.com,9876543210,52,10000000,25000,Pune,2024-02-06 14:00:00
C0880,Sneha Desai,,,46,1300000,60000,Mumbai,2024-02-06 15:00:00
C0881,,MAYUR@EXAMPLE.COM,,44,1200000,35000,Pune,2024-02-06 16:00:00
C0882,Priya  Patel,priya@example.com,+91-8765432109,29,1700000,80000,Delhi,2024-02-06 17:00:00
C0883,Priya  Patel,rahul@example.com,+91-8765432109,42,,30000,,2024-02-06 18:00:00
C0884,Priya  Patel,,+91-8765432109,40,1300000,60000,Pune,2024-02-06 19:00:00
C0885,Priya  Patel,rahul@example.com,+91-8765432109,40,1600000,95000,,2024-02-06 20:00:00
C0886,mayurkumar surani,,+91-8765432109,200,1600000,70000,Mumbai,2024-02-06 21:00:00
C0887,Priya  Patel,rahul@example.com,,32,1000000,60000,Delhi,2024-02-06 22:00:00
C0888,,,9876543210,56,1100000,75000,Mumbai,2024-02-06 23:00:00
C0889,amit kumar,,+91-8765432109,52,700000,95000,Delhi,2024-02-07 00:00:00
C0890,amit kumar,,+91-8765432109,43,,,Delhi,2024-02-07 01:00:00
C0891,mayurkumar surani,MAYUR@EXAMPLE.COM,9876543210,30,,80000,,2024-02-07 02:00:00
C0892,Priya  Patel,,+91-8765432109,36,1100000,50000,Mumbai,2024-02-07 03:00:00
C0893,Priya  Patel,,9876543210,23,800000,45000,Mumbai,2024-02-07 04:00:00
C0894,Priya  Patel,MAYUR@EXAMPLE.COM,9876543210,44,1200000,500000,Pune,2024-02-07 05:00:00
C0895,Sneha Desai,,,49,1700000,10000,Mumbai,2024-02-07 06:00:00
C0896,RAHUL SHARMA,rahul@example.com,7654321098,28,1700000,25000,Pune,2024-02-07 07:00:00
C0897,Sneha Desai,MAYUR@EXAMPLE.COM,,40,10000000,75000,Bangalore,2024-02-07 08:00:00
C0898,RAHUL SHARMA,priya@example.com,7654321098,39,10000000,15000,Bangalore,2024-02-07 09:00:00
C0899,Priya  Patel,MAYUR@EXAMPLE.COM,7654321098,38,900000,85000,Bangalore,2024-02-07 10:00:00
C0900,Priya  Patel,MAYUR@EXAMPLE.COM,7654321098,38,1000000,20000,Mumbai,2024-02-07 11:00:00
C0901,Sneha Desai,,+91-8765432109,31,1700000,45000,Mumbai,2024-02-07 12:00:00
C0902,Sneha Desai,rahul@example.com,,56,1800000,35000,Pune,2024-02-07 13:00:00
C0903,RAHUL SHARMA,priya@example.com,7654321098,150,800000,85000,Delhi,2024-02-07 14:00:00
C0904,amit kumar,,9876543210,36,1100000,85000,Pune,2024-02-07 15:00:00
C0905,RAHUL SHARMA,,+91-8765432109,56,1200000,40000,Bangalore,2024-02-07 16:00:00
C0906,Sneha Desai,MAYUR@EXAMPLE.COM,,58,1700000,70000,Pune,2024-02-07 17:00:00
C0907,,,7654321098,47,1000000,70000,Delhi,2024-02-07 18:00:00
C0908,Sneha Desai,,9876543210,,1000000,30000,Mumbai,2024-02-07 19:00:00
C0909,,,,54,700000,500000,Pune,2024-02-07 20:00:00
C0910,mayurkumar surani,priya@example.com,,37,700000,95000,Bangalore,2024-02-07 21:00:00
C0911,Sneha Desai,rahul@example.com,+91-8765432109,33,1700000,80000,Bangalore,2024-02-07 22:00:00
C0912,mayurkumar surani,priya@example.com,,54,600000,95000,Mumbai,2024-02-07 23:00:00
C0913,amit kumar,rahul@example.com,+91-8765432109,,,15000,Pune,2024-02-08 00:00:00
C0914,RAHUL SHARMA,,7654321098,26,1000000,55000,Delhi,2024-02-08 01:00:00
C0915,,rahul@example.com,+91-8765432109,,1200000,70000,Mumbai,2024-02-08 02:00:00
C0916,RAHUL SHARMA,,9876543210,32,1200000,95000,Pune,2024-02-08 03:00:00
C0917,mayurkumar surani,MAYUR@EXAMPLE.COM,+91-8765432109,37,1000000,80000,,2024-02-08 04:00:00
C0918,,MAYUR@EXAMPLE.COM,9876543210,56,1800000,65000,Bangalore,2024-02-08 05:00:00
C0919,RAHUL SHARMA,,+91-8765432109,32,700000,80000,Delhi,2024-02-08 06:00:00
C0920,Sneha Desai,,,55,1400000,70000,Delhi,2024-02-08 07:00:00
C0921,Priya  Patel,priya@example.com,7654321098,50,700000,95000,Delhi,2024-02-08 08:00:00
C0922,mayurkumar surani,,9876543210,21,1600000,80000,Bangalore,2024-02-08 09:00:00
C0923,RAHUL SHARMA,MAYUR@EXAMPLE.COM,+91-8765432109,35,10000000,60000,Pune,2024-02-08 10:00:00
C0924,mayurkumar surani,MAYUR@EXAMPLE.COM,+91-8765432109,28,900000,,Mumbai,2024-02-08 11:00:00
C0925,mayurkumar surani,,+91-8765432109,28,1300000,20000,Pune,2024-02-08 12:00:00
C0926,,,,57,1100000,40000,Mumbai,2024-02-08 13:00:00
C0927,,MAYUR@EXAMPLE.COM,,30,800000,75000,Delhi,2024-02-08 14:00:00
C0928,Priya  Patel,priya@example.com,9876543210,41,1700000,75000,Pune,2024-02-08 15:00:00
C0929,Sneha Desai,,9876543210,52,1700000,70000,Delhi,2024-02-08 16:00:00
C0930,mayurkumar surani,,,55,1400000,65000,,2024-02-08 17:00:00
C0931,RAHUL SHARMA,,9876543210,42,10000000,50000,Delhi,2024-02-08 18:00:00
C0932,amit kumar,,7654321098,53,1700000,10000,Delhi,2024-02-08 19:00:00
C0933,mayurkumar surani,MAYUR@EXAMPLE.COM,7654321098,28,10000000,,Mumbai,2024-02-08 20:00:00
C0934,mayurkumar surani,MAYUR@EXAMPLE.COM,,43,800000,60000,,2024-02-08 21:00:00
C0935,Priya  Patel,,9876543210,27,500000,,Delhi,2024-02-08 22:00:00
C0936,Sneha Desai,,+91-8765432109,26,500000,95000,Delhi,2024-02-08 23:00:00
C0937,amit kumar,,7654321098,55,1900000,65000,,2024-02-09 00:00:00
C0938,,priya@example.com,,37,1700000,10000,,2024-02-09 01:00:00
C0939,,,9876543210,22,10000000,,Pune,2024-02-09 02:00:00
C0940,RAHUL SHARMA,,,47,1200000,500000,Mumbai,2024-02-09 03:00:00
C0941,amit kumar,rahul@example.com,+91-8765432109,25,1700000,90000,,2024-02-09 04:00:00
C0942,,rahul@example.com,7654321098,40,1800000,30000,,2024-02-09 05:00:00
C0943,RAHUL SHARMA,MAYUR@EXAMPLE.COM,,47,1200000,20000,Bangalore,2024-02-09 06:00:00
C0944,Sneha Desai,,,59,1200000,15000,,2024-02-09 07:00:00
C0945,RAHUL SHARMA,,,20,1900000,20000,Mumbai,2024-02-09 08:00:00
C0946,,rahul@example.com,+91-8765432109,55,1700000,45000,Delhi,2024-02-09 09:00:00
C0947,Priya  Patel,,,40,1100000,85000,Delhi,2024-02-09 10:00:00
C0948,Priya  Patel,MAYUR@EXAMPLE.COM,+91-8765432109,200,900000,35000,Delhi,2024-02-09 11:00:00
C0949,Priya  Patel,priya@example.com,+91-8765432109,54,10000000,70000,Delhi,2024-02-09 12:00:00
C0950,,,+91-8765432109,32,,85000,Bangalore,2024-02-09 13:00:00
C0951,Priya  Patel,,7654321098,29,600000,85000,,2024-02-09 14:00:00
C0952,amit kumar,priya@example.com,7654321098,29,10000000,20000,Delhi,2024-02-09 15:00:00
C0953,Sneha Desai,,,32,1100000,70000,Pune,2024-02-09 16:00:00
C0954,RAHUL SHARMA,MAYUR@EXAMPLE.COM,,56,1700000,75000,Delhi,2024-02-09 17:00:00
C0955,RAHUL SHARMA,MAYUR@EXAMPLE.COM,7654321098,57,1800000,45000,,2024-02-09 18:00:00
C0956,,priya@example.com,9876543210,43,1700000,65000,Delhi,2024-02-09 19:00:00
C0957,Priya  Patel,,7654321098,21,1500000,45000,Bangalore,2024-02-09 20:00:00
C0958,Priya  Patel,rahul@example.com,+91-8765432109,41,,50000,Mumbai,2024-02-09 21:00:00
C0959,mayurkumar surani,,7654321098,36,10000000,10000,Mumbai,2024-02-09 22:00:00
C0960,Sneha Desai,,+91-8765432109,55,1200000,35000,,2024-02-09 23:00:00
C0961,amit kumar,rahul@example.com,,33,1900000,,Mumbai,2024-02-10 00:00:00
C0962,RAHUL SHARMA,priya@example.com,9876543210,29,1300000,60000,Mumbai,2024-02-10 01:00:00
C0963,mayurkumar surani,priya@example.com,,54,1400000,60000,Pune,2024-02-10 02:00:00
C0964,mayurkumar surani,rahul@example.com,+91-8765432109,44,1600000,70000,,2024-02-10 03:00:00
C0965,,MAYUR@EXAMPLE.COM,+91-8765432109,22,500000,60000,,2024-02-10 04:00:00
C0966,RAHUL SHARMA,rahul@example.com,+91-8765432109,57,1300000,95000,Mumbai,2024-02-10 05:00:00
C0967,,,9876543210,36,1900000,80000,Mumbai,2024-02-10 06:00:00
C0968,amit kumar,MAYUR@EXAMPLE.COM,7654321098,31,500000,10000,Mumbai,2024-02-10 07:00:00
C0969,mayurkumar surani,priya@example.com,,43,1600000,40000,Bangalore,2024-02-10 08:00:00
C0970,mayurkumar surani,rahul@example.com,,48,700000,70000,Delhi,2024-02-10 09:00:00
C0971,Sneha Desai,,7654321098,200,1500000,65000,Bangalore,2024-02-10 10:00:00
C0972,amit kumar,,,44,600000,95000,,2024-02-10 11:00:00
C0973,mayurkumar surani,,9876543210,55,,,Pune,2024-02-10 12:00:00
C0974,amit kumar,,,45,1300000,80000,Delhi,2024-02-10 13:00:00
C0975,RAHUL SHARMA,rahul@example.com,+91-8765432109,57,1900000,45000,Pune,2024-02-10 14:00:00
C0976,Priya  Patel,rahul@example.com,7654321098,20,1600000,,,2024-02-10 15:00:00
C0977,mayurkumar surani,,9876543210,39,500000,55000,,2024-02-10 16:00:00
C0978,Sneha Desai,rahul@example.com,7654321098,47,1700000,40000,Pune,2024-02-10 17:00:00
C0979,RAHUL SHARMA,,9876543210,35,1800000,95000,Pune,2024-02-10 18:00:00
C0980,amit kumar,MAYUR@EXAMPLE.COM,+91-8765432109,36,1200000,85000,Pune,2024-02-10 19:00:00
C0981,,,7654321098,59,1200000,500000,,2024-02-10 20:00:00
C0982,RAHUL SHARMA,,,47,1600000,35000,Mumbai,2024-02-10 21:00:00
C0983,mayurkumar surani,rahul@example.com,9876543210,31,500000,50000,Pune,2024-02-10 22:00:00
C0984,amit kumar,MAYUR@EXAMPLE.COM,7654321098,46,1500000,70000,Delhi,2024-02-10 23:00:00
C0985,Priya  Patel,rahul@example.com,,150,1200000,45000,,2024-02-11 00:00:00
C0986,RAHUL SHARMA,priya@example.com,7654321098,49,1400000,85000,Bangalore,2024-02-11 01:00:00
C0987,mayurkumar surani,rahul@example.com,7654321098,,1500000,70000,Bangalore,2024-02-11 02:00:00
C0988,Sneha Desai,rahul@example.com,7654321098,53,1100000,70000,Delhi,2024-02-11 03:00:00
C0989,,rahul@example.com,9876543210,56,1500000,90000,Mumbai,2024-02-11 04:00:00
C0990,amit kumar,MAYUR@EXAMPLE.COM,,25,10000000,500000,Pune,2024-02-11 05:00:00
C0991,RAHUL SHARMA,rahul@example.com,+91-8765432109,26,500000,30000,,2024-02-11 06:00:00
C0992,RAHUL SHARMA,MAYUR@EXAMPLE.COM,9876543210,51,1200000,90000,Pune,2024-02-11 07:00:00
C0993,Priya  Patel,,9876543210,51,1000000,50000,,2024-02-11 08:00:00
C0994,Priya  Patel,priya@example.com,9876543210,44,1000000,15000,Bangalore,2024-02-11 09:00:00
C0995,Sneha Desai,MAYUR@EXAMPLE.COM,+91-8765432109,52,900000,95000,Pune,2024-02-11 10:00:00
C0996,,,,26,1700000,50000,Delhi,2024-02-11 11:00:00
C0997,Sneha Desai,MAYUR@EXAMPLE.COM,,31,1200000,35000,Mumbai,2024-02-11 12:00:00
C0998,mayurkumar surani,MAYUR@EXAMPLE.COM,,35,1300000,60000,Delhi,2024-02-11 13:00:00
C0999,mayurkumar surani,priya@example.com,7654321098,35,10000000,35000,Mumbai,2024-02-11 14:00:00
C1000,Sneha Desai,,7654321098,200,700000,35000,Pune,2024-02-11 15:00:00
C0521,mayurkumar surani,rahul@example.com,9876543210,21,1900000,75000,Pune,2024-01-22 16:00:00
C0803,Sneha Desai,,,36,1100000,60000,Mumbai,2024-02-03 10:00:00
C0947,Priya  Patel,,,40,1100000,85000,Delhi,2024-02-09 10:00:00
C0121,RAHUL SHARMA,rahul@example.com,,20,,,Bangalore,2024-01-06 00:00:00
C0616,Priya  Patel,rahul@example.com,9876543210,42,1400000,50000,Bangalore,2024-01-26 15:00:00
C0617,amit kumar,,9876543210,25,700000,40000,Mumbai,2024-01-26 16:00:00
C0981,,,7654321098,59,1200000,500000,,2024-02-10 20:00:00
C0762,RAHUL SHARMA,MAYUR@EXAMPLE.COM,7654321098,28,1300000,15000,Mumbai,2024-02-01 17:00:00
C0175,Priya  Patel,,,27,,500000,Bangalore,2024-01-08 06:00:00
C0929,Sneha Desai,,9876543210,52,1700000,70000,Delhi,2024-02-08 16:00:00
C0245,amit kumar,MAYUR@EXAMPLE.COM,9876543210,21,1900000,40000,Pune,2024-01-11 04:00:00
C0539,RAHUL SHARMA,priya@example.com,,50,1300000,85000,Delhi,2024-01-23 10:00:00
C0918,,MAYUR@EXAMPLE.COM,9876543210,56,1800000,65000,Bangalore,2024-02-08 05:00:00
C0183,Priya  Patel,rahul@example.com,+91-8765432109,28,500000,75000,Bangalore,2024-01-08 14:00:00
C0381,,,,54,800000,35000,Delhi,2024-01-16 20:00:00
C0290,amit kumar,priya@example.com,9876543210,22,,90000,Mumbai,2024-01-13 01:00:00
C0524,amit kumar,,+91-8765432109,22,10000000,35000,Bangalore,2024-01-22 19:00:00
C0202,amit kumar,,+91-8765432109,20,1100000,90000,Pune,2024-01-09 09:00:00
C0799,Priya  Patel,MAYUR@EXAMPLE.COM,+91-8765432109,48,10000000,35000,,2024-02-03 06:00:00
C0192,mayurkumar surani,rahul@example.com,+91-8765432109,26,600000,20000,Bangalore,2024-01-08 23:00:00
C0197,RAHUL SHARMA,rahul@example.com,+91-8765432109,200,1000000,25000,Delhi,2024-01-09 04:00:00
C0136,Sneha Desai,priya@example.com,7654321098,57,700000,30000,Bangalore,2024-01-06 15:00:00
C0986,RAHUL SHARMA,priya@example.com,7654321098,49,1400000,85000,Bangalore,2024-02-11 01:00:00
C0831,mayurkumar surani,priya@example.com,9876543210,27,900000,80000,,2024-02-04 14:00:00
C0061,amit kumar,rahul@example.com,,44,1800000,20000,Pune,2024-01-03 12:00:00
C0145,Priya  Patel,rahul@example.com,+91-8765432109,41,1700000,20000,Bangalore,2024-01-07 00:00:00
C0095,amit kumar,MAYUR@EXAMPLE.COM,,56,1500000,85000,Mumbai,2024-01-04 22:00:00
C0414,RAHUL SHARMA,priya@example.com,7654321098,53,1200000,60000,Mumbai,2024-01-18 05:00:00
C0431,amit kumar,rahul@example.com,+91-8765432109,38,,55000,Pune,2024-01-18 22:00:00
C0904,amit kumar,,9876543210,36,1100000,85000,Pune,2024-02-07 15:00:00
C0272,amit kumar,,7654321098,34,1500000,90000,Pune,2024-01-12 07:00:00
C0922,mayurkumar surani,,9876543210,21,1600000,80000,Bangalore,2024-02-08 09:00:00
C0753,amit kumar,priya@example.com,+91-8765432109,27,10000000,90000,Mumbai,2024-02-01 08:00:00
C0086,amit kumar,rahul@example.com,+91-8765432109,45,1500000,80000,,2024-01-04 13:00:00
C0655,Sneha Desai,,9876543210,41,1500000,35000,,2024-01-28 06:00:00
C0577,Priya  Patel,MAYUR@EXAMPLE.COM,7654321098,38,500000,20000,Mumbai,2024-01-25 00:00:00
C0809,,,9876543210,38,700000,15000,Delhi,2024-02-03 16:00:00
C0855,Priya  Patel,,,25,1000000,70000,Mumbai,2024-02-05 14:00:00
C0341,mayurkumar surani,priya@example.com,,33,900000,40000,Mumbai,2024-01-15 04:00:00
C0966,RAHUL SHARMA,rahul@example.com,+91-8765432109,57,1300000,95000,Mumbai,2024-02-10 05:00:00
C0908,Sneha Desai,,9876543210,,1000000,30000,Mumbai,2024-02-07 19:00:00
C0835,,priya@example.com,7654321098,33,1200000,80000,Delhi,2024-02-04 18:00:00
C0422,RAHUL SHARMA,priya@example.com,,41,1500000,55000,Mumbai,2024-01-18 13:00:00
C0775,mayurkumar surani,rahul@example.com,7654321098,51,1800000,30000,Mumbai,2024-02-02 06:00:00
C0354,,,,33,1000000,25000,Mumbai,2024-01-15 17:00:00
C0894,Priya  Patel,MAYUR@EXAMPLE.COM,9876543210,44,1200000,500000,Pune,2024-02-07 05:00:00
C0673,Priya  Patel,priya@example.com,9876543210,30,1900000,75000,Delhi,2024-01-29 00:00:00
C0386,RAHUL SHARMA,priya@example.com,+91-8765432109,20,1700000,30000,Mumbai,2024-01-17 01:00:00
C0254,Priya  Patel,,7654321098,49,1300000,35000,,2024-01-11 13:00:00
C0881,,MAYUR@EXAMPLE.COM,,44,1200000,35000,Pune,2024-02-06 16:00:00
